,단어,품사,빈도수
0,에,JKB,510
1,시,EP,503
2,ㄴ,ETM,471
3,이,VCP,439
4,는,ETM,435
5,이,JKS,431
6,을,JKO,421
7,ㅂ니다,EF,376
8,아,EC,349
9,의,JKG,308
10,있,VA,307
11,고,EC,304
12,ㄹ,ETM,274
13,를,JKO,268
14,도,JX,262
15,은,JX,261
16,가,JKS,243
17,으로,JKB,242
18,는,JX,224
19,하,VV,223
20,좋,VA,220
21,습니다,EF,207
22,어,EC,202
23,수,NNB,196
24,어요,EF,195
25,것,NNB,187
26,면,EC,184
27,요,JX,177
28,은,ETM,175
29,로,JKB,162
30,게,EC,158
31,되,VV,155
32,기,ETN,140
33,거,NNB,135
34,비타민,NNG/NNP,109
35,을,ETM,106
36,들,XSN,105
37,선물,NNG/NNP,104
38,드리,VV,103
39,주,VX,103
40,었,EP,102
41,하,VX,100
42,에서,JKB,100
43,았,EP,97
44,꿀,NNG/NNP,97
45,먹,VV,94
46,과,JC,90
47,아서,EC,83
48,는데,EC,82
49,보,VX,81
50,있,VX,79
51,추천,NNG/NNP,78
52,적,XSN,75
53,들,VV,74
54,제품,NNG/NNP,74
55,같,VA,73
56,지,EC,71
57,어서,EC,71
58,만,JX,70
59,저,NP,70
60,이,JKC,69
61,받,VV,69
62,도움,NNG/NNP,64
63,등,NNB,62
64,아요,EF,60
65,활동,NNG/NNP,58
66,다,EF,57
67,지만,EC,57
68,없,VA,55
69,않,VX,53
70,때,NNG/NNP,53
71,번,NNB,52
72,으시,EP,49
73,아니,VCN,48
74,통하,VV,48
75,세트,NNG/NNP,47
76,ㄴ데,EC,47
77,나,JC,46
78,따르,VV,46
79,많,VA,46
80,드리,VX,46
81,피부,NNG/NNP,46
82,보,VV,45
83,이나,JC,45
84,이,NP,45
85,운동,NNG/NNP,45
86,ㅎ,NNG/NNP,45
87,며,EC,45
88,수수료,NNG/NNP,45
89,중,NNB,44
90,채택,NNG/NNP,44
91,원,NNB,43
92,많이,MAG,43
93,추천하,VV,43
94,기능,NNG/NNP,43
95,답변,NNG/NNP,42
96,하,XSV,41
97,ㄴ,JX,41
98,상품,NNG/NNP,40
99,경우,NNG/NNP,40
100,어도,EC,40
101,가격,NNG/NNP,38
102,한,MMN,38
103,제공,NNG/NNP,38
104,스틱,NNG/NNP,37
105,다고,EC,36
106,님,XSN,35
107,겠,EP,34
108,ㄹ,JKO,34
109,몸,NNG/NNP,34
110,라,EC,34
111,때문,NNB,33
112,만들,VV,33
113,ㅁ,ETN,32
114,더,MAG,32
115,하루,NNG/NNP,32
116,파트너스,NNG/NNP,32
117,식품,NNG/NNP,31
118,일정액,NNG/NNP,31
119,더라구,EF,30
120,효과,NNG/NNP,30
121,잘,MAG,30
122,바라,VV,30
123,으면,EC,29
124,면역,NNG/NNP,29
125,안녕하,VA,29
126,다,EC,29
127,사람,NNG/NNP,29
128,증상,NNG/NNP,29
129,음,ETN,28
130,다면,EC,28
131,방법,NNG/NNP,28
132,통,NNG/NNP,28
133,두드러기,NNG/NNP,28
134,섭취하,VV,27
135,지,VX,27
136,대하,VV,27
137,건강,NNG/NNP,27
138,까지,JX,27
139,주,VV,27
140,생리,NNG/NNP,27
141,그리고,MAJ,26
142,좋아하,VV,26
143,후기,NNG/NNP,26
144,분,NNB,26
145,나타나,VV,26
146,어떻,VA,25
147,안,MAG,25
148,다이어트,NNG/NNP,25
149,에요,EF,25
150,중요하,VA,24
151,부탁,NNG/NNP,24
152,필요하,VA,24
153,이,MMD,24
154,확인,NNG/NNP,24
155,판매,NNG/NNP,23
156,네,EF,23
157,섭취,NNG/NNP,23
158,유산균,NNG/NNP,23
159,에게,JKB,23
160,면역력,NNG/NNP,23
161,어야,EC,22
162,같이,MAG,22
163,와,JC,22
164,되,XSV,22
165,시간,NNG/NNP,22
166,성,XSN,22
167,영양제,NNG/NNP,22
168,째,XSN,22
169,이런,MMD,21
170,반응,NNG/NNP,21
171,가능하,VA,21
172,니,EC,21
173,아야,EC,21
174,면서,EC,21
175,후,NNG/NNP,20
176,문제,NNG/NNP,20
177,챙기,VV,20
178,제,NP,20
179,일환,NNG/NNP,20
180,판매업,NNG/NNP,20
181,정도,NNG/NNP,20
182,인기,NNG/NNP,20
183,케이크,NNG/NNP,20
184,치료,NNG/NNP,20
185,도록,EC,19
186,용,XSN,19
187,개,NNB,19
188,개선,NNG/NNP,19
189,가장,MAG,19
190,요거트,NNG/NNP,19
191,위하,VV,19
192,죠,EF,19
193,선물하,VV,19
194,만,NR,19
195,음식,NNG/NNP,19
196,알,VV,19
197,ㅠ,NNG/NNP,19
198,연구,NNG/NNP,19
199,구매하,VV,18
200,편하,VA,18
201,목,NNG/NNP,18
202,ㄹ게,EF,18
203,일반,NNG/NNP,18
204,아래,NNG/NNP,18
205,링크,NNG/NNP,18
206,과,JKB,18
207,받,XSV,18
208,질문자,NNG/NNP,18
209,싶,VX,18
210,다는,ETM,18
211,신고,NNG/NNP,18
212,정상,NNG/NNP,18
213,수치,NNG/NNP,18
214,보다,JKB,17
215,이상,NNG/NNP,17
216,괜찮,VA,17
217,참고하,VV,17
218,너무,MAG,17
219,하나님,NNG/NNP,17
220,알레르기,NNG/NNP,17
221,거나,EC,16
222,단백질,NNG/NNP,16
223,이거,NP,16
224,차,NNG/NNP,16
225,순위,NNG/NNP,16
226,정보,NNG/NNP,16
227,당뇨,NNG/NNP,16
228,라고,EC,16
229,오,VV,16
230,해당,NNG/NNP,16
231,발생하,VV,16
232,원,NNG/NNP,16
233,질환,NNG/NNP,16
234,쓰,VV,15
235,물,NNG/NNP,15
236,높,VA,15
237,넣,VV,15
238,직접,MAG,15
239,및,MAJ,15
240,쿠팡,NNG/NNP,15
241,다른,MMD,15
242,성분,NNG/NNP,15
243,생기,VV,15
244,찾아보,VV,15
245,생일,NNG/NNP,15
246,항체,NNG/NNP,15
247,으며,EC,14
248,시,NNB,14
249,식단,NNG/NNP,14
250,가,VV,14
251,맛있,VA,14
252,없이,MAG,14
253,하,XSA,14
254,으니,EC,14
255,천연,NNG/NNP,14
256,다,MAG,14
257,확인하,VV,14
258,구,EC,14
259,나오,VV,14
260,떨어지,VV,14
261,진짜,NNG/NNP,14
262,가,XSN,14
263,지금,MAG,14
264,점,NNG/NNP,14
265,부담,NNG/NNP,13
266,나,VV,13
267,쉽,VA,13
268,당,NNG/NNP,13
269,그,MMD,13
270,식사,NNG/NNP,13
271,크,VA,13
272,또는,MAG,13
273,한번,MAG,13
274,용량,NNG/NNP,13
275,대,NNG/NNP,13
276,대,XSN,13
277,제,XSN,13
278,다양하,VA,13
279,ㄴ다고,EC,13
280,제일,MAG,13
281,글,NNG/NNP,13
282,하나,NR,13
283,년,NNB,13
284,사업자,NNG/NNP,13
285,통신,NNG/NNP,13
286,집,NNG/NNP,13
287,두,MMN,13
288,생각,NNG/NNP,13
289,장,NNG/NNP,13
290,종,NNG/NNP,13
291,아이,NNG/NNP,13
292,특별하,VA,13
293,결핍,NNG/NNP,13
294,ㄴ다면,EC,12
295,맞,VV,12
296,ㄹ까,EF,12
297,꾸준히,MAG,12
298,조금,MAG,12
299,그렇,VA,12
300,와,JKB,12
301,부분,NNG/NNP,12
302,전문가,NNG/NNP,12
303,브랜드,NNG/NNP,12
304,건강하,VA,12
305,또한,MAG,12
306,좀,MAG,12
307,날,NNG/NNP,12
308,사,VV,12
309,안,NNG/NNP,12
310,영양소,NNG/NNP,12
311,따뜻하,VA,12
312,꼭,MAG,12
313,자연,NNG/NNP,12
314,약,NNG/NNP,12
315,부터,JX,12
316,관심,NNG/NNP,12
317,그래서,MAJ,12
318,꿀스틱,NNG/NNP,12
319,남,VV,12
320,부족하,VA,12
321,자신,NNG/NNP,12
322,우리,NP,12
323,ㄴ가,EF,12
324,ㄴ다,EF,12
325,거든,EF,11
326,지나,VV,11
327,맛,NNG/NNP,11
328,추가,NNG/NNP,11
329,조절,NNG/NNP,11
330,참고,NNG/NNP,11
331,의하,VV,11
332,칼슘,NNG/NNP,11
333,포,NNG/NNP,11
334,씩,XSN,11
335,힘들,VA,11
336,사용,NNG/NNP,11
337,ㄹ로,JKB,11
338,감기,NNG/NNP,11
339,예방,NNG/NNP,11
340,정말,MAG,11
341,니까,EC,11
342,대상,NNG/NNP,11
343,감사,NNG/NNP,11
344,가지,VV,11
345,위,NNG/NNP,11
346,여러,MMN,11
347,복용하,VV,11
348,하느님,NNG/NNP,11
349,저렴하,VA,11
350,마음,NNG/NNP,11
351,시키,XSV,11
352,원후기,NNG/NNP,11
353,군,NNG/NNP,11
354,내용,NNG/NNP,10
355,오르,VV,10
356,는지,EF,10
357,전,NNG/NNP,10
358,알려지,VV,10
359,풍부하,VA,10
360,소화,NNG/NNP,10
361,개,NNG/NNP,10
362,포스팅,NNG/NNP,10
363,여기,NP,10
364,포장,NNG/NNP,10
365,바로,MAG,10
366,과세자,NNG/NNP,10
367,살,VV,10
368,다니,VV,10
369,체내,NNG/NNP,10
370,특히,MAG,10
371,오늘,NNG/NNP,10
372,어린이,NNG/NNP,10
373,가래,NNG/NNP,10
374,답례품,NNG/NNP,10
375,이하,NNG/NNP,10
376,치료하,VV,10
377,결과,NNG/NNP,10
378,부족,NNG/NNP,10
379,보충제,NNG/NNP,10
380,들어가,VV,9
381,원하,VV,9
382,인하,VV,9
383,아도,EC,9
384,던,ETM,9
385,배,NNG/NNP,9
386,시리얼,NNG/NNP,9
387,식이,NNG/NNP,9
388,류,XSN,9
389,마지막,NNG/NNP,9
390,요구르트,NNG/NNP,9
391,아침,NNG/NNP,9
392,이후,NNG/NNP,9
393,그대로,MAG,9
394,항상,MAG,9
395,벌꿀,NNG/NNP,9
396,완화,NNG/NNP,9
397,자세하,VA,9
398,못하,VX,9
399,저희,NP,9
400,실제,NNG/NNP,9
401,가,JKC,9
402,작용,NNG/NNP,9
403,박스,NNG/NNP,9
404,걸리,VV,9
405,환경,NNG/NNP,9
406,판매하,VV,9
407,뿐,NNB,9
408,줄이,VV,9
409,꽤,MAG,9
410,네이버,NNG/NNP,9
411,부모,NNG/NNP,9
412,고르,VV,9
413,균형,NNG/NNP,9
414,이렇,VA,9
415,가지,NNB,9
416,찾,VV,9
417,일으키,VV,9
418,창조하,VV,9
419,역할,NNG/NNP,9
420,태양,NNG/NNP,9
421,더라도,EC,9
422,형,XSN,9
423,아카시아,NNG/NNP,9
424,야생화꿀,NNG/NNP,9
425,세,MMN,9
426,아연,NNG/NNP,9
427,주문,NNG/NNP,9
428,뼈,NNG/NNP,9
429,제작,NNG/NNP,9
430,원인,NNG/NNP,9
431,땀,NNG/NNP,9
432,물질,NNG/NNP,9
433,능력,NNG/NNP,9
434,고용량,NNG/NNP,9
435,몇,NR,8
436,기억,NNG/NNP,8
437,매우,MAG,8
438,나,EC,8
439,생각하,VV,8
440,선택하,VV,8
441,섬유,NNG/NNP,8
442,사용하,VV,8
443,가능,NNG/NNP,8
444,시,NNG/NNP,8
445,라는,ETM,8
446,라서,EC,8
447,남기,VV,8
448,구매,NNG/NNP,8
449,예쁘,VA,8
450,해보,VV,8
451,양,NNG/NNP,8
452,혈당,NNG/NNP,8
453,피하,VV,8
454,듯,NNB,8
455,산,XSN,8
456,일,NNG/NNP,8
457,제조,NNG/NNP,8
458,그러,VV,8
459,신고증,NNG/NNP,8
460,영업,NNG/NNP,8
461,므로,EC,8
462,신,NNG/NNP,8
463,간이,NNG/NNP,8
464,필요,NNG/NNP,8
465,단계,NNG/NNP,8
466,화,XSN,8
467,체질,NNG/NNP,8
468,가지,NNG/NNP,8
469,더라고,EF,8
470,모두,MAG,8
471,영향,NNG/NNP,8
472,이웃,NNG/NNP,8
473,마다,JX,8
474,기부하,VV,8
475,천동설,NNG/NNP,8
476,반복하,VV,8
477,최저,NNG/NNP,8
478,수준,NNG/NNP,8
479,행복하,VA,8
480,병,NNG/NNP,8
481,높이,VV,8
482,혈액,NNG/NNP,8
483,햇빛,NNG/NNP,8
484,남자,NNG/NNP,8
485,부작용,NNG/NNP,8
486,복용,NNG/NNP,8
487,고객,NNG/NNP,7
488,개인,NNG/NNP,7
489,처럼,JKB,7
490,현재,MAG,7
491,보이,VV,7
492,개월,NNB,7
493,적,VA,7
494,스트레스,NNG/NNP,7
495,체계,NNG/NNP,7
496,이랑,JC,7
497,낮,VA,7
498,네,IC,7
499,설탕,NNG/NNP,7
500,상태,NNG/NNP,7
501,과도하,VA,7
502,꽃,NNG/NNP,7
503,소,XPN,7
504,종류,NNG/NNP,7
505,프리미엄,NNG/NNP,7
506,마시,VV,7
507,분,NNG/NNP,7
508,홍삼,NNG/NNP,7
509,낮추,VV,7
510,말,NNG/NNP,7
511,읽,VV,7
512,그런,MMD,7
513,다음,NNG/NNP,7
514,어머님,NNG/NNP,7
515,유산소,NNG/NNP,7
516,수면,NNG/NNP,7
517,어머니,NNG/NNP,7
518,쿠팡파트너스,NNG/NNP,7
519,스토어,NNG/NNP,7
520,ㄴ다는,ETM,7
521,ㄴ지,EF,7
522,원래,NNG/NNP,7
523,전문,NNG/NNP,7
524,회,NNG/NNP,7
525,부위,NNG/NNP,7
526,덤벨,NNG/NNP,7
527,그거,NP,7
528,검색하,VV,7
529,가성비,NNG/NNP,7
530,매일,MAG,7
531,지식,NNG/NNP,7
532,블로그,NNG/NNP,7
533,각종,NNG/NNP,7
534,나,JX,7
535,공기,NNG/NNP,7
536,지급되,VV,7
537,가짜,NNG/NNP,7
538,말하,VV,7
539,지구,NNG/NNP,7
540,부르,VV,7
541,무,XPN,7
542,선교,NNG/NNP,7
543,불교,NNG/NNP,7
544,실제로,MAG,7
545,변동,NNG/NNP,7
546,올라가,VV,7
547,채택하,VV,7
548,성장,NNG/NNP,7
549,또,MAG,7
550,염증,NNG/NNP,7
551,평소,NNG/NNP,7
552,합성,NNG/NNP,7
553,쇼핑백,NNG/NNP,7
554,답니다,EF,7
555,사이즈,NNG/NNP,7
556,성비,NNG/NNP,7
557,안마기,NNG/NNP,7
558,냉방병,NNG/NNP,7
559,자외선,NNG/NNP,7
560,심하,VA,7
561,이러하,VA,7
562,순환,NNG/NNP,7
563,계피,NNG/NNP,7
564,피곤하,VA,7
565,낙상,NNG/NNP,7
566,가볍,VA,6
567,최근,NNG/NNP,6
568,콘푸라이트,NNG/NNP,6
569,과일,NNG/NNP,6
570,따라서,MAJ,6
571,어렵,VA,6
572,전통,NNG/NNP,6
573,프로바이오틱스,NNG/NNP,6
574,시작하,VV,6
575,말,VX,6
576,탄수화물,NNG/NNP,6
577,은데,EC,6
578,요즘,NNG/NNP,6
579,우선,MAG,6
580,이번,NNG/NNP,6
581,업체,NNG/NNP,6
582,담,VV,6
583,려면,EC,6
584,메시지,NNG/NNP,6
585,오메가,NNG/NNP,6
586,필수,NNG/NNP,6
587,에,IC,6
588,아주,MAG,6
589,양화봉,NNG/NNP,6
590,나누,VV,6
591,함유되,VV,6
592,간편하,VA,6
593,환자,NNG/NNP,6
594,고민,NNG/NNP,6
595,기본,NNG/NNP,6
596,저,XPN,6
597,관리,NNG/NNP,6
598,라면,EC,6
599,햇볕,NNG/NNP,6
600,기관지,NNG/NNP,6
601,흔히,MAG,6
602,함께,MAG,6
603,땅,NNG/NNP,6
604,배송,NNG/NNP,6
605,스마트,NNG/NNP,6
606,이쁘,VA,6
607,위생법,NNG/NNP,6
608,인,NNG/NNP,6
609,스티커,NNG/NNP,6
610,붙이,VV,6
611,말씀,NNG/NNP,6
612,유통,NNG/NNP,6
613,면제,NNG/NNP,6
614,고시,NNG/NNP,6
615,선택,NNG/NNP,6
616,다가,EC,6
617,자가,NNG/NNP,6
618,궁금하,VA,6
619,질문,NNG/NNP,6
620,저녁,NNG/NNP,6
621,공복,NNG/NNP,6
622,참조,NNG/NNP,6
623,추석,NNG/NNP,6
624,지키,VV,6
625,빠지,VV,6
626,영양,NNG/NNP,6
627,비하,VV,6
628,자주,MAG,6
629,클릭하,VV,6
630,프로폴리스,NNG/NNP,6
631,관련,NNG/NNP,6
632,우주,NNG/NNP,6
633,사찰,NNG/NNP,6
634,원원,NNG/NNP,6
635,엉뚱하,VA,6
636,개이,NNG/NNP,6
637,보통,NNG/NNP,6
638,ㄹ수록,EC,6
639,번거롭,VA,6
640,내공,NNG/NNP,6
641,돌려받,VV,6
642,혈관,NNG/NNP,6
643,허니,NNG/NNP,6
644,사이트,NNG/NNP,6
645,서,JKB,6
646,기념일,NNG/NNP,6
647,뿐,JX,6
648,취소,NNG/NNP,6
649,피로,NNG/NNP,6
650,병원,NNG/NNP,6
651,네임카드,NNG/NNP,6
652,체온,NNG/NNP,6
653,열,NNG/NNP,6
654,배출,NNG/NNP,6
655,피,NNG/NNP,6
656,계,XSN,6
657,불우,NNG/NNP,6
658,순,NNG/NNP,6
659,보충,NNG/NNP,6
660,은행,NNG/NNP,6
661,개별,NNG/NNP,5
662,기존,NNG/NNP,5
663,자료,NNG/NNP,5
664,전체,NNG/NNP,5
665,변경,NNG/NNP,5
666,처음,NNG/NNP,5
667,얻,VV,5
668,그릭,NNG/NNP,5
669,그,NNG/NNP,5
670,꺼,NNB,5
671,견과,NNG/NNP,5
672,딱,MAG,5
673,지방,NNG/NNP,5
674,가정,NNG/NNP,5
675,터,NNB,5
676,ㄴ답니다,EF,5
677,수제,NNG/NNP,5
678,수,NNG/NNP,5
679,추가하,VV,5
680,사탕,NNG/NNP,5
681,즙,NNG/NNP,5
682,인슐린,NNG/NNP,5
683,돕,VV,5
684,저항,NNG/NNP,5
685,섭취량,NNG/NNP,5
686,갖,VV,5
687,안내,NNG/NNP,5
688,알아보,VV,5
689,단,MMA,5
690,국내,NNG/NNP,5
691,맞춤,NNG/NNP,5
692,야채,NNG/NNP,5
693,적정,NNG/NNP,5
694,유지하,VV,5
695,마사지기,NNG/NNP,5
696,물론,MAG,5
697,오히려,MAG,5
698,구입하,VV,5
699,과,NNG/NNP,5
700,따로,MAG,5
701,인터넷,NNG/NNP,5
702,기준,NNG/NNP,5
703,의무,NNG/NNP,5
704,지역,NNG/NNP,5
705,포인트,NNG/NNP,5
706,모르,VV,5
707,두,VX,5
708,어느,MMD,5
709,진행되,VV,5
710,마켓,NNG/NNP,5
711,점심,NNG/NNP,5
712,요법,NNG/NNP,5
713,동물,NNG/NNP,5
714,실내,NNG/NNP,5
715,자전거,NNG/NNP,5
716,근육,NNG/NNP,5
717,암,NNG/NNP,5
718,웨이트,NNG/NNP,5
719,엄청,MAG,5
720,분,XSN,5
721,충분하,VA,5
722,고구마,NNG/NNP,5
723,차,VV,5
724,불편하,VA,5
725,바탕,NNG/NNP,5
726,믿,VV,5
727,명,NNB,5
728,세,NNG/NNP,5
729,장애,NNG/NNP,5
730,기부,NNG/NNP,5
731,마누카,NNG/NNP,5
732,소정,NNG/NNP,5
733,성서,NNG/NNP,5
734,지요,EF,5
735,세상,NNG/NNP,5
736,종교인,NNG/NNP,5
737,즉,MAG,5
738,만듬,NNG/NNP,5
739,발생,NNG/NNP,5
740,허니스틱,NNG/NNP,5
741,혼합,NNG/NNP,5
742,약하,VA,5
743,개원,NNG/NNP,5
744,해피빈,NNG/NNP,5
745,두,JX,5
746,문구,NNG/NNP,5
747,광고,NNG/NNP,5
748,데일리,NNG/NNP,5
749,ㅠㅠ,NNG/NNP,5
750,앞,NNG/NNP,5
751,밖,NNG/NNP,5
752,세균,NNG/NNP,5
753,막,VV,5
754,보습제,NNG/NNP,5
755,외,NNB,5
756,가렵,VA,5
757,대부분,NNG/NNP,5
758,변화,NNG/NNP,5
759,여자,NNG/NNP,5
760,식초,NNG/NNP,5
761,근육통,NNG/NNP,5
762,검사,NNG/NNP,5
763,의심하,VV,5
764,골절,NNG/NNP,5
765,을까,EF,4
766,비교,NNG/NNP,4
767,느끼,VV,4
768,가,VX,4
769,진짜,MAG,4
770,나트륨,NNG/NNP,4
771,만약,NNG/NNP,4
772,그것,NP,4
773,힘,NNG/NNP,4
774,이벤트,NNG/NNP,4
775,이용하,VV,4
776,때죽나무,NNG/NNP,4
777,및,MAG,4
778,오래,MAG,4
779,나,NP,4
780,최대,NNG/NNP,4
781,랑,JKB,4
782,상관,NNG/NNP,4
783,간단하,VA,4
784,별,XSN,4
785,비교하,VV,4
786,샐러드,NNG/NNP,4
787,쿠키,NNG/NNP,4
788,입니다,NNG/NNP,4
789,편,NNB,4
790,분비,NNG/NNP,4
791,가족,NNG/NNP,4
792,사례,NNG/NNP,4
793,짧,VA,4
794,께,JKB,4
795,고,XPN,4
796,그러나,MAJ,4
797,법,NNG/NNP,4
798,식후,NNG/NNP,4
799,잦,VA,4
800,위생,NNG/NNP,4
801,데,NNB,4
802,자극,NNG/NNP,4
803,위주,NNG/NNP,4
804,사용되,VV,4
805,호불호,NNG/NNP,4
806,살펴보,VV,4
807,뿌리,VV,4
808,회복,NNG/NNP,4
809,효능,NNG/NNP,4
810,려고,EC,4
811,기계,NNG/NNP,4
812,소분,NNG/NNP,4
813,분업,NNG/NNP,4
814,상,XSN,4
815,해당하,VV,4
816,준비,NNG/NNP,4
817,무엇,NP,4
818,라벨,NNG/NNP,4
819,사전,NNG/NNP,4
820,우편물,NNG/NNP,4
821,진행,NNG/NNP,4
822,시군,NNG/NNP,4
823,구청,NNG/NNP,4
824,신청하,VV,4
825,계약서,NNG/NNP,4
826,제조사,NNG/NNP,4
827,알리,VV,4
828,등록증,NNG/NNP,4
829,걸,VV,4
830,하단,NNG/NNP,4
831,원활하,VA,4
832,감사하,VV,4
833,살,NNG/NNP,4
834,숫자,NNG/NNP,4
835,식물,NNG/NNP,4
836,우유,NNG/NNP,4
837,감량,NNG/NNP,4
838,기타,NNG/NNP,4
839,동시,NNG/NNP,4
840,쿠션,NNG/NNP,4
841,한테,JKB,4
842,낫,VA,4
843,닭,NNG/NNP,4
844,가슴살,NNG/NNP,4
845,체중,NNG/NNP,4
846,지갑,NNG/NNP,4
847,블랙,NNG/NNP,4
848,손,NNG/NNP,4
849,자,EC,4
850,바나나,NNG/NNP,4
851,정리되,VV,4
852,먼저,MAG,4
853,가지,VX,4
854,만족하,VV,4
855,달,VV,4
856,보통,MAG,4
857,오랫동안,NNG/NNP,4
858,도라지,NNG/NNP,4
859,만,NNB,4
860,보조,NNG/NNP,4
861,횟수,NNG/NNP,4
862,효소,NNG/NNP,4
863,음식물,NNG/NNP,4
864,속,NNG/NNP,4
865,포스트,NNG/NNP,4
866,후원,NNG/NNP,4
867,께서,JKS,4
868,작성자,NNG/NNP,4
869,주장하,VV,4
870,창조주,NNG/NNP,4
871,빛,NNG/NNP,4
872,한민족,NNG/NNP,4
873,계시,VV,4
874,민족,NNG/NNP,4
875,신선,NNG/NNP,4
876,생명,NNG/NNP,4
877,론,XSN,4
878,코로나,NNG/NNP,4
879,잘하,VV,4
880,해소,NNG/NNP,4
881,네,MMN,4
882,쉬,VV,4
883,키즈텐,NNG/NNP,4
884,의미,NNG/NNP,4
885,먹이,VV,4
886,비염,NNG/NNP,4
887,검색,NNG/NNP,4
888,조심하,VV,4
889,대표,NNG/NNP,4
890,감염,NNG/NNP,4
891,세포,NNG/NNP,4
892,골다공증,NNG/NNP,4
893,위험,NNG/NNP,4
894,감소,NNG/NNP,4
895,출처,NNG/NNP,4
896,성인,NNG/NNP,4
897,장염,NNG/NNP,4
898,복통,NNG/NNP,4
899,케이스,NNG/NNP,4
900,호,NNB,4
901,커미션,NNG/NNP,4
902,향수,NNG/NNP,4
903,ㅋ,NNG/NNP,4
904,전하,VV,4
905,초,NNB,4
906,구경,NNG/NNP,4
907,돌상,NNG/NNP,4
908,지인,NNG/NNP,4
909,돌잔치,NNG/NNP,4
910,주,NNG/NNP,4
911,예약,NNG/NNP,4
912,여부,NNG/NNP,4
913,이내,NNG/NNP,4
914,향,NNG/NNP,4
915,에어컨,NNG/NNP,4
916,못,MAG,4
917,기관,NNG/NNP,4
918,꿀차,NNG/NNP,4
919,저널,NNG/NNP,4
920,기간,NNG/NNP,4
921,호흡기,NNG/NNP,4
922,강력하,VA,4
923,잡,VV,4
924,박사,NNG/NNP,4
925,흠뻑,MAG,4
926,방어,NNG/NNP,4
927,란,ETM,4
928,사회,NNG/NNP,4
929,정렬되,VV,4
930,고민되,VV,4
931,비슷하,VA,4
932,장기,NNG/NNP,4
933,생선,NNG/NNP,4
934,최고,NNG/NNP,4
935,률,XSN,4
936,계란,NNG/NNP,4
937,조사기,NNG/NNP,4
938,실리,VV,4
939,상승하,VV,4
940,각각,MAG,4
941,이용,NNG/NNP,3
942,옵션,NNG/NNP,3
943,사항,NNG/NNP,3
944,보호,NNG/NNP,3
945,아무래도,MAG,3
946,뭐,NP,3
947,타,VV,3
948,놀라,VV,3
949,올리,VV,3
950,그릭요거트,NNG/NNP,3
951,칼로리,NNG/NNP,3
952,ㄹ려면,EC,3
953,재료,NNG/NNP,3
954,영양가,NNG/NNP,3
955,다르,VA,3
956,취향,NNG/NNP,3
957,제주,NNG/NNP,3
958,탐나비,NNG/NNP,3
959,신,XPN,3
960,달,NNG/NNP,3
961,진행하,VV,3
962,안전하,VA,3
963,여름,NNG/NNP,3
964,다가오,VV,3
965,실용,NNG/NNP,3
966,핸드크림,NNG/NNP,3
967,셋트,NNG/NNP,3
968,다,NNG/NNP,3
969,기분,NNG/NNP,3
970,전환,NNG/NNP,3
971,시원하,VA,3
972,놓,VX,3
973,미리,MAG,3
974,리터,NNB,3
975,그램,NNB,3
976,리,NNG/NNP,3
977,로이첸,NNG/NNP,3
978,신선하,VA,3
979,달라지,VV,3
980,붓,VV,3
981,이틀,NNG/NNP,3
982,설사,NNG/NNP,3
983,함량,NNG/NNP,3
984,영양식,NNG/NNP,3
985,어르신,NNG/NNP,3
986,옷,NNG/NNP,3
987,여도,NNG/NNP,3
988,에브리허,NNG/NNP,3
989,ㅜ,NNG/NNP,3
990,혈압,NNG/NNP,3
991,미국,NNG/NNP,3
992,의사,NNG/NNP,3
993,치유,NNG/NNP,3
994,식약처,NNG/NNP,3
995,콜레스테롤,NNG/NNP,3
996,누에,NNG/NNP,3
997,원료,NNG/NNP,3
998,건조,NNG/NNP,3
999,상담,NNG/NNP,3
1000,회복하,VV,3
1001,이전,NNG/NNP,3
1002,자,VV,3
1003,이라도,JX,3
1004,운동하,VV,3
1005,쪽,NNB,3
1006,건강식품,NNG/NNP,3
1007,환절기,NNG/NNP,3
1008,강화,NNG/NNP,3
1009,뛰어나,VA,3
1010,엄마,NNG/NNP,3
1011,고급스럽,VA,3
1012,빠르,VA,3
1013,도매,NNG/NNP,3
1014,려,EC,3
1015,혹,MAG,3
1016,신고하,VV,3
1017,서류,NNG/NNP,3
1018,발급,NNG/NNP,3
1019,순서,NNG/NNP,3
1020,대로,JX,3
1021,일부,NNG/NNP,3
1022,답변하,VV,3
1023,찌,VV,3
1024,치질,NNG/NNP,3
1025,총,MMA,3
1026,넘기,VV,3
1027,승모근,NNG/NNP,3
1028,임상,NNG/NNP,3
1029,냉동,NNG/NNP,3
1030,ㅂ니,EC,3
1031,크림,NNG/NNP,3
1032,피부과,NNG/NNP,3
1033,권,XSN,3
1034,공유,NNG/NNP,3
1035,센스,NNG/NNP,3
1036,치,VV,3
1037,사실,MAG,3
1038,려구,EF,3
1039,목걸이,NNG/NNP,3
1040,카드,NNG/NNP,3
1041,월,NNG/NNP,3
1042,끼,NNG/NNP,3
1043,에너지,NNG/NNP,3
1044,더불,VV,3
1045,특정,NNG/NNP,3
1046,불,XPN,3
1047,간식,NNG/NNP,3
1048,당,XSN,3
1049,캔디,NNG/NNP,3
1050,초콜릿,NNG/NNP,3
1051,굿즈,NNG/NNP,3
1052,더군,EF,3
1053,계속,MAG,3
1054,씹,VV,3
1055,개발하,VV,3
1056,요새,NNG/NNP,3
1057,국산,NNG/NNP,3
1058,시점,NNG/NNP,3
1059,분야,NNG/NNP,3
1060,사진,NNG/NNP,3
1061,덜,MAG,3
1062,많아지,VV,3
1063,첫,MMN,3
1064,흡수,NNG/NNP,3
1065,높아지,VV,3
1066,명,NNG/NNP,3
1067,배즙,NNG/NNP,3
1068,고생,NNG/NNP,3
1069,차량,NNG/NNP,3
1070,신부,NNG/NNP,3
1071,축하,NNG/NNP,3
1072,야훼,NNG/NNP,3
1073,어둠,NNG/NNP,3
1074,낮,NNG/NNP,3
1075,눈,NNG/NNP,3
1076,비,NNG/NNP,3
1077,나무,NNG/NNP,3
1078,삼신각선교,NNG/NNP,3
1079,배신하,VV,3
1080,불과하,VA,3
1081,노여움,NNG/NNP,3
1082,야훼,NNG/NNP,3
1083,살인귀,NNG/NNP,3
1084,칠성,NNG/NNP,3
1085,신령,NNG/NNP,3
1086,산신,NNG/NNP,3
1087,기도,NNG/NNP,3
1088,뜻,NNG/NNP,3
1089,역학,NNG/NNP,3
1090,과학,NNG/NNP,3
1091,질문자분,NNG/NNP,3
1092,궁금증,NNG/NNP,3
1093,안되,VV,3
1094,밤꿀,NNG/NNP,3
1095,농장,NNG/NNP,3
1096,랍니다,EF,3
1097,보내,VV,3
1098,기침,NNG/NNP,3
1099,제거하,VV,3
1100,아기,NNG/NNP,3
1101,성장기,NNG/NNP,3
1102,설명,NNG/NNP,3
1103,형성,NNG/NNP,3
1104,유지,NNG/NNP,3
1105,비타민가,NNG/NNP,3
1106,흡수되,VV,3
1107,그럼,MAJ,3
1108,오일,NNG/NNP,3
1109,무난하,VA,3
1110,답변자,NNG/NNP,3
1111,나이,NNG/NNP,3
1112,대대,NNG/NNP,3
1113,쇼핑몰,NNG/NNP,3
1114,부고,NNG/NNP,3
1115,발견하,VV,3
1116,워낙,MAG,3
1117,미니,NNG/NNP,3
1118,권장하,VV,3
1119,일자,NNG/NNP,3
1120,역시,MAG,3
1121,구매자,NNG/NNP,3
1122,해피,NNG/NNP,3
1123,커피,NNG/NNP,3
1124,어깨,NNG/NNP,3
1125,증후군,NNG/NNP,3
1126,윗분,NNG/NNP,3
1127,뉴질랜드,NNG/NNP,3
1128,모든,MMN,3
1129,바람직하,VA,3
1130,드러기,NNG/NNP,3
1131,동반되,VV,3
1132,만성,NNG/NNP,3
1133,부어오르,VV,3
1134,신체,NNG/NNP,3
1135,구토,NNG/NNP,3
1136,꾸준하,VA,3
1137,아토피,NNG/NNP,3
1138,피부염,NNG/NNP,3
1139,습진,NNG/NNP,3
1140,천식,NNG/NNP,3
1141,기울이,VV,3
1142,설명하,VV,3
1143,동안,NNG/NNP,3
1144,어떤,MMD,3
1145,이루어지,VV,3
1146,일종,NNG/NNP,3
1147,활성,NNG/NNP,3
1148,극복하,VV,3
1149,내부,NNG/NNP,3
1150,급격하,VA,3
1151,알러지,NNG/NNP,3
1152,혹은,MAG,3
1153,모기,NNG/NNP,3
1154,자체,NNG/NNP,3
1155,증가,NNG/NNP,3
1156,느낌,NNG/NNP,3
1157,올해,NNG/NNP,3
1158,제,NNG/NNP,3
1159,구나,EF,3
1160,요번,NNG/NNP,3
1161,는가,EF,3
1162,인형,NNG/NNP,3
1163,경험,NNG/NNP,3
1164,여자대,NNG/NNP,3
1165,식단법,NNG/NNP,3
1166,정하,VV,3
1167,낫,VV,3
1168,민간요법,NNG/NNP,3
1169,실험,NNG/NNP,3
1170,우울증,NNG/NNP,3
1171,만큼,NNB,3
1172,불면증,NNG/NNP,3
1173,통증,NNG/NNP,3
1174,자궁,NNG/NNP,3
1175,생,XSN,3
1176,시키,VV,3
1177,좌훈기,NNG/NNP,3
1178,돌,VV,3
1179,사랑하,VV,3
1180,칩,NNG/NNP,3
1181,구성되,VV,3
1182,증세,NNG/NNP,3
1183,합성되,VV,3
1184,발병,NNG/NNP,3
1185,교수,NNG/NNP,3
1186,늘,VV,3
1187,보충하,VV,3
1188,노출되,VV,3
1189,메일,NNG/NNP,3
1190,여성,NNG/NNP,3
1191,먹는,NNG/NNP,3
1192,것,NNG/NNP,3
1193,중독,NNG/NNP,3
1194,질염,NNG/NNP,3
1195,차이,NNG/NNP,3
1196,초유,NNG/NNP,3
1197,저하되,VV,3
1198,고,NNG/NNP,3
1199,레벨,NNG/NNP,3
1200,최종,NNG/NNP,3
1201,평가,NNG/NNP,3
1202,점수,NNG/NNP,3
1203,결론,NNG/NNP,3
1204,선호하,VV,2
1205,구성품,NNG/NNP,2
1206,예시,NNG/NNP,2
1207,작성,NNG/NNP,2
1208,간,NNB,2
1209,반드시,MAG,2
1210,구성,NNG/NNP,2
1211,단품,NNG/NNP,2
1212,첨부하,VV,2
1213,조금,NNG/NNP,2
1214,활용하,VV,2
1215,합리,NNG/NNP,2
1216,놀,VV,2
1217,줄어들,VV,2
1218,단순,NNG/NNP,2
1219,해롭,VA,2
1220,즐기,VV,2
1221,대신,NNG/NNP,2
1222,미네랄,NNG/NNP,2
1223,고려하,VV,2
1224,예,NNG/NNP,2
1225,기반,NNG/NNP,2
1226,감성,NNG/NNP,2
1227,그리스,NNG/NNP,2
1228,네,XSN,2
1229,는다면,EC,2
1230,그래놀라,NNG/NNP,2
1231,민감하,VA,2
1232,성공,NNG/NNP,2
1233,순도,NNG/NNP,2
1234,첨가물,NNG/NNP,2
1235,여자분,NNG/NNP,2
1236,화분,NNG/NNP,2
1237,선생,NNG/NNP,2
1238,에끄노블,NNG/NNP,2
1239,오브제,NNG/NNP,2
1240,텀블러,NNG/NNP,2
1241,따듯하,VA,2
1242,어여,EC,2
1243,미만,NNG/NNP,2
1244,지퍼백,NNG/NNP,2
1245,가져가,VV,2
1246,메이커,NNG/NNP,2
1247,뒤,NNG/NNP,2
1248,쿠진아트,NNG/NNP,2
1249,트리비앙,NNG/NNP,2
1250,디자인,NNG/NNP,2
1251,요거,NP,2
1252,별,MMA,2
1253,케어메이트,NNG/NNP,2
1254,라고,JKQ,2
1255,여주,NNG/NNP,2
1256,준비하,VV,2
1257,매,MMD,2
1258,당류,NNG/NNP,2
1259,부드럽,VA,2
1260,니,VV,2
1261,누르,VV,2
1262,튀어나오,VV,2
1263,하지만,MAJ,2
1264,달리,MAG,2
1265,칼륨,NNG/NNP,2
1266,비오틴,NNG/NNP,2
1267,에브리허니,NNG/NNP,2
1268,적극,NNG/NNP,2
1269,해결되,VV,2
1270,해결,NNG/NNP,2
1271,들어보,VV,2
1272,우리나라,NNG/NNP,2
1273,인정하,VV,2
1274,탁월하,VA,2
1275,사실,NNG/NNP,2
1276,군,EF,2
1277,병행하,VV,2
1278,겪,VV,2
1279,안전,NNG/NNP,2
1280,인증,NNG/NNP,2
1281,무료,NNG/NNP,2
1282,적절하,VA,2
1283,말씀하,VV,2
1284,인스턴트,NNG/NNP,2
1285,가습기,NNG/NNP,2
1286,편리하,VA,2
1287,리뷰,NNG/NNP,2
1288,운동화,NNG/NNP,2
1289,아프,VA,2
1290,ㄹ께,EF,2
1291,잖아,EF,2
1292,산양삼,NNG/NNP,2
1293,산삼,NNG/NNP,2
1294,야생,NNG/NNP,2
1295,기성품,NNG/NNP,2
1296,대량,NNG/NNP,2
1297,적법하,VA,2
1298,제조되,VV,2
1299,완포장,NNG/NNP,2
1300,뜯,VV,2
1301,소분하,VV,2
1302,소분업,NNG/NNP,2
1303,완,NNG/NNP,2
1304,소매,NNG/NNP,2
1305,행위,NNG/NNP,2
1306,허가,NNG/NNP,2
1307,등록,NNG/NNP,2
1308,낱개,NNG/NNP,2
1309,상표,NNG/NNP,2
1310,대로,NNB,2
1311,대응,NNG/NNP,2
1312,합니다,NNG/NNP,2
1313,지점,NNG/NNP,2
1314,협의하,VV,2
1315,듣,VV,2
1316,규정,NNG/NNP,2
1317,공정,NNG/NNP,2
1318,거래,NNG/NNP,2
1319,위원,NNG/NNP,2
1320,이경우,NNG/NNP,2
1321,러,VV,2
1322,면허세,NNG/NNP,2
1323,납부,NNG/NNP,2
1324,과세,NNG/NNP,2
1325,자동,NNG/NNP,2
1326,전환되,VV,2
1327,시기,NNG/NNP,2
1328,쯤,XSN,2
1329,국세청,NNG/NNP,2
1330,세무서,NNG/NNP,2
1331,지자체,NNG/NNP,2
1332,온라인,NNG/NNP,2
1333,관할,NNG/NNP,2
1334,사무실,NNG/NNP,2
1335,창고,NNG/NNP,2
1336,임대차,NNG/NNP,2
1337,등기부,NNG/NNP,2
1338,등본,NNG/NNP,2
1339,교육,NNG/NNP,2
1340,필증,NNG/NNP,2
1341,대표자,NNG/NNP,2
1342,신분증,NNG/NNP,2
1343,인증서,NNG/NNP,2
1344,표정,NNG/NNP,2
1345,려는,ETM,2
1346,작성하,VV,2
1347,주변,NNG/NNP,2
1348,소매업,NNG/NNP,2
1349,로서,JKB,2
1350,가입하,VV,2
1351,아직,MAG,2
1352,인감,NNG/NNP,2
1353,증명서,NNG/NNP,2
1354,번가,NNG/NNP,2
1355,오픈,NNG/NNP,2
1356,적당히,MAG,2
1357,나가,VV,2
1358,지방산,NNG/NNP,2
1359,수용,NNG/NNP,2
1360,오트밀,NNG/NNP,2
1361,테이블,NNG/NNP,2
1362,취미,NNG/NNP,2
1363,일일,NNG/NNP,2
1364,다만,MAG,2
1365,남성,NNG/NNP,2
1366,전립선,NNG/NNP,2
1367,로,NNG/NNP,2
1368,대,XPN,2
1369,펴,VV,2
1370,리스트,NNG/NNP,2
1371,근,NNB,2
1372,삼각근,NNG/NNP,2
1373,레그,NNG/NNP,2
1374,다리,NNG/NNP,2
1375,스포츠,NNG/NNP,2
1376,일일이,MAG,2
1377,밝히,VV,2
1378,정확히,MAG,2
1379,왜,MAG,2
1380,이,NNG/NNP,2
1381,되,EC,2
1382,섞,VV,2
1383,소고기,NNG/NNP,2
1384,미지근하,VA,2
1385,한잔,NNG/NNP,2
1386,패키지,NNG/NNP,2
1387,마사지,NNG/NNP,2
1388,칭찬,NNG/NNP,2
1389,화장품,NNG/NNP,2
1390,현금,NNG/NNP,2
1391,정성,NNG/NNP,2
1392,편지,NNG/NNP,2
1393,포장하,VV,2
1394,주소,NNG/NNP,2
1395,공유하,VV,2
1396,둘러보,VV,2
1397,아여,NNG/NNP,2
1398,금장,NNG/NNP,2
1399,로고,NNG/NNP,2
1400,가죽,NNG/NNP,2
1401,골드,NNG/NNP,2
1402,잡히,VV,2
1403,모두,NNG/NNP,2
1404,자유롭,VA,2
1405,상담사,NNG/NNP,2
1406,무리,NNG/NNP,2
1407,실패,NNG/NNP,2
1408,마인드,NNG/NNP,2
1409,갖추,VV,2
1410,최대한,NNG/NNP,2
1411,허벅지,NNG/NNP,2
1412,배부르,VA,2
1413,몸매,NNG/NNP,2
1414,중자신,NNG/NNP,2
1415,오랜,MMA,2
1416,수분,NNG/NNP,2
1417,충분히,MAG,2
1418,제대로,MAG,2
1419,빨리,MAG,2
1420,비,VV,2
1421,팔,VV,2
1422,톤,NNG/NNP,2
1423,단위,NNG/NNP,2
1424,포도,NNG/NNP,2
1425,녹,VV,2
1426,레모나,NNG/NNP,2
1427,젤리,NNG/NNP,2
1428,얼마,NNG/NNP,2
1429,대,VV,2
1430,비싸,VA,2
1431,학생,NNG/NNP,2
1432,밖에,JX,2
1433,학업,NNG/NNP,2
1434,태우,VV,2
1435,라,VV,2
1436,조절하,VV,2
1437,이나,JX,2
1438,부담스럽,VA,2
1439,플레이크,NNG/NNP,2
1440,싸,VA,2
1441,둥,NNB,2
1442,제조기,NNG/NNP,2
1443,연구하,VV,2
1444,오,VX,2
1445,소개하,VV,2
1446,전혀,MAG,2
1447,예방하,VV,2
1448,참,MAG,2
1449,봄,NNG/NNP,2
1450,가끔,MAG,2
1451,중국,NNG/NNP,2
1452,라고하,VV,2
1453,서로,MAG,2
1454,단독,NNG/NNP,2
1455,위산,NNG/NNP,2
1456,도달하,VV,2
1457,죽,VV,2
1458,그만큼,MAG,2
1459,잠들,VV,2
1460,배출되,VV,2
1461,루테인,NNG/NNP,2
1462,이뤄지,VV,2
1463,율,XSN,2
1464,위장,NNG/NNP,2
1465,직후,NNG/NNP,2
1466,콩,NNG/NNP,2
1467,우선,NNG/NNP,2
1468,아빠,NNG/NNP,2
1469,어용,NNG/NNP,2
1470,마사지건,NNG/NNP,2
1471,로얄,NNG/NNP,2
1472,무드,NNG/NNP,2
1473,열심히,MAG,2
1474,페이지,NNG/NNP,2
1475,자백,NNG/NNP,2
1476,머리,NNG/NNP,2
1477,자,NNB,2
1478,밤,NNG/NNP,2
1479,구분하,VV,2
1480,궁창하늘,NNG/NNP,2
1481,바다즉,NNG/NNP,2
1482,새,NNG/NNP,2
1483,여섯째,NR,2
1484,하늘,NNG/NNP,2
1485,중심,NNG/NNP,2
1486,사막,NNG/NNP,2
1487,잡신,NNG/NNP,2
1488,종교,NNG/NNP,2
1489,한민족,NNG/NNP,2
1490,모독하,VV,2
1491,구약,NNG/NNP,2
1492,무조건,MAG,2
1493,찬양하,VV,2
1494,삼신각,NNG/NNP,2
1495,모욕하,VV,2
1496,모시,VV,2
1497,고유,NNG/NNP,2
1498,점차,MAG,2
1499,천선,NNG/NNP,2
1500,수명,NNG/NNP,2
1501,성취,NNG/NNP,2
1502,사업,NNG/NNP,2
1503,나중,NNG/NNP,2
1504,천수경,NNG/NNP,2
1505,기도문,NNG/NNP,2
1506,진화,NNG/NNP,2
1507,바이러스,NNG/NNP,2
1508,피나무,NNG/NNP,2
1509,꾸,VV,2
1510,신청,NNG/NNP,2
1511,가가,NNG/NNP,2
1512,가장,NNG/NNP,2
1513,피,XPN,2
1514,포함되,VV,2
1515,황기,NNG/NNP,2
1516,추출물,NNG/NNP,2
1517,복합물,NNG/NNP,2
1518,키,NNG/NNP,2
1519,장점,NNG/NNP,2
1520,구,EF,2
1521,으니까,EC,2
1522,안심,NNG/NNP,2
1523,체험,NNG/NNP,2
1524,샘플,NNG/NNP,2
1525,홈페이지,NNG/NNP,2
1526,허니밸리,NNG/NNP,2
1527,그냥,MAG,2
1528,종일,NNG/NNP,2
1529,주기,NNG/NNP,2
1530,제거,NNG/NNP,2
1531,없애,VV,2
1532,에다가,JKB,2
1533,임산부,NNG/NNP,2
1534,꼼꼼히,MAG,2
1535,아연,MAG,2
1536,콜라겐,NNG/NNP,2
1537,어려움,NNG/NNP,2
1538,영양학,NNG/NNP,2
1539,줌,NNG/NNP,2
1540,학회,NNG/NNP,2
1541,흔하,VA,2
1542,변비,NNG/NNP,2
1543,담당하,VV,2
1544,유해균,NNG/NNP,2
1545,늘리,VV,2
1546,상세,XR,2
1547,갈게,NNG/NNP,2
1548,ㅎㅎ,NNG/NNP,2
1549,텐,NNG/NNP,2
1550,젯띠,NNG/NNP,2
1551,사이,NNG/NNP,2
1552,스노우볼,MAG,2
1553,가격대,NNG/NNP,2
1554,회분,NNG/NNP,2
1555,고메,NNG/NNP,2
1556,근,NNG/NNP,2
1557,콜드브루,NNG/NNP,2
1558,더,NNG/NNP,2
1559,분말,NNG/NNP,2
1560,휴대폰,NNG/NNP,2
1561,생활,NNG/NNP,2
1562,만천,NR,2
1563,발생되,VV,2
1564,힘내,VV,2
1565,면,NNG/NNP,2
1566,신발,NNG/NNP,2
1567,대,NNB,2
1568,친구분,NNG/NNP,2
1569,빨,VV,2
1570,응원,NNG/NNP,2
1571,유기견,NNG/NNP,2
1572,보호소,NNG/NNP,2
1573,후원하,VV,2
1574,액세서리,NNG/NNP,2
1575,유기,NNG/NNP,2
1576,뽀뚜빠뚜,NNG/NNP,2
1577,남녀노소,NNG/NNP,2
1578,끼,VV,2
1579,뽀뚜빠뚜,NNG/NNP,2
1580,입력,NNG/NNP,2
1581,결국,MAG,2
1582,차세트,NNG/NNP,2
1583,소금,NNG/NNP,2
1584,핸드기,NNG/NNP,2
1585,칠순,NNG/NNP,2
1586,팔순,NNG/NNP,2
1587,지난번,NNG/NNP,2
1588,예약하,VV,2
1589,결혼기념일,NNG/NNP,2
1590,칠순떡,NNG/NNP,2
1591,팔순떡,NNG/NNP,2
1592,백일잔치,NNG/NNP,2
1593,케이크셀프,NNG/NNP,2
1594,홈,NNG/NNP,2
1595,파티,NNG/NNP,2
1596,아깝,VA,2
1597,작,VA,2
1598,큰사이즈,SN,2
1599,크기,NNG/NNP,2
1600,폭,NNG/NNP,2
1601,넓,VA,2
1602,설기,NNG/NNP,2
1603,필링,NNG/NNP,2
1604,만나,VV,2
1605,환갑,NNG/NNP,2
1606,떡,NNG/NNP,2
1607,케익,NNG/NNP,2
1608,이곳,NP,2
1609,지하철,NNG/NNP,2
1610,택배,NNG/NNP,2
1611,퀵,NNG/NNP,2
1612,거리,NNB,2
1613,차등,NNG/NNP,2
1614,요금,NNG/NNP,2
1615,적용되,VV,2
1616,픽업,NNG/NNP,2
1617,문제악,NNG/NNP,2
1618,제작하,VV,2
1619,소요되,VV,2
1620,날짜,NNG/NNP,2
1621,전,MMN,2
1622,일전,NNG/NNP,2
1623,환불,NNG/NNP,2
1624,당일,NNG/NNP,2
1625,불가하,VA,2
1626,광고료,NNG/NNP,2
1627,생신,NNG/NNP,2
1628,족욕기,NNG/NNP,2
1629,흠,NNG/NNP,2
1630,적당하,VA,2
1631,라구,EC,2
1632,마기,NNG/NNP,2
1633,제스파,NNG/NNP,2
1634,그레이,NNG/NNP,2
1635,불리,VV,2
1636,곤,EC,2
1637,빠져나가,VV,2
1638,진단,NNG/NNP,2
1639,테스트,NNG/NNP,2
1640,삼,NR,2
1641,으면서,EC,2
1642,질,XSN,2
1643,호주,NNG/NNP,2
1644,네,NNG/NNP,2
1645,체크,NNG/NNP,2
1646,생겨나,VV,2
1647,측정하,VV,2
1648,이유,NNG/NNP,2
1649,관련되,VV,2
1650,긁,VV,2
1651,건조하,VA,2
1652,홍조,NNG/NNP,2
1653,바르,VV,2
1654,부,NNG/NNP,2
1655,부풀,VV,2
1656,가려움증,NNG/NNP,2
1657,발적,NNG/NNP,2
1658,팽진,NNG/NNP,2
1659,현상,NNG/NNP,2
1660,급성,NNG/NNP,2
1661,자극하,VV,2
1662,되도록,MAG,2
1663,식습관,NNG/NNP,2
1664,발효,NNG/NNP,2
1665,사라지,VV,2
1666,으로써,JKB,2
1667,포진,NNG/NNP,2
1668,불량,NNG/NNP,2
1669,노력,NNG/NNP,2
1670,지식인,NNG/NNP,2
1671,일시,NNG/NNP,2
1672,다시,MAG,2
1673,유발되,VV,2
1674,땀구멍,NNG/NNP,2
1675,형태,NNG/NNP,2
1676,오돌토돌하,VA,2
1677,발진,NNG/NNP,2
1678,자연스럽,VA,2
1679,반신욕,NNG/NNP,2
1680,내,VV,2
1681,걱정,NNG/NNP,2
1682,똑같,VA,2
1683,일단,MAG,2
1684,맵,VA,2
1685,일정,NNG/NNP,2
1686,소백산,NNG/NNP,2
1687,잡화,NNG/NNP,2
1688,ㅂ니다가,NNG/NNP,2
1689,외부,NNG/NNP,2
1690,끊임없,VA,2
1691,공격,NNG/NNP,2
1692,전기,NNG/NNP,2
1693,화학,NNG/NNP,2
1694,노출,NNG/NNP,2
1695,항원,NNG/NNP,2
1696,물리,VV,2
1697,누구,NP,2
1698,과민,NNG/NNP,2
1699,꽃가루,NNG/NNP,2
1700,에서부터,JKB,2
1701,인체,NNG/NNP,2
1702,롭,XSA,2
1703,장벽,NNG/NNP,2
1704,글로불린,NNG/NNP,2
1705,고자,EC,2
1706,무선,NNG/NNP,2
1707,이어폰,NNG/NNP,2
1708,케이스,NNG/NNP,2
1709,특징,NNG/NNP,2
1710,독특하,VA,2
1711,유용하,VA,2
1712,매년,MAG,2
1713,넘,MAG,2
1714,아라,EF,2
1715,노하우,NNG/NNP,2
1716,추리,VV,2
1717,귀엽,VA,2
1718,티백,NNG/NNP,2
1719,쏙,MAG,2
1720,전통차,NNG/NNP,2
1721,꽃차,NNG/NNP,2
1722,생강,NNG/NNP,2
1723,달콤하,VA,2
1724,꿀도배,NNG/NNP,2
1725,아이라이너,NNG/NNP,2
1726,유명하,VA,2
1727,수익금,NNG/NNP,2
1728,ㅂ니당,EC,2
1729,소설책,NNG/NNP,2
1730,방탄소년단,NNG/NNP,2
1731,만족도,NNG/NNP,2
1732,질리,VV,2
1733,바,NNG/NNP,2
1734,등등,NNB,2
1735,익,VV,2
1736,관리하,VV,2
1737,제격,NNG/NNP,2
1738,겸,NNB,2
1739,작성되,VV,2
1740,어버이날,NNG/NNP,2
1741,해요,NNG/NNP,2
1742,해피빈,NNG/NNP,2
1743,폐,NNG/NNP,2
1744,재발,NNG/NNP,2
1745,계절,NNG/NNP,2
1746,더하,VV,2
1747,덜하,VA,2
1748,밀접하,VA,2
1749,열매,NNG/NNP,2
1750,한국은행나무,NNG/NNP,2
1751,연구소,NNG/NNP,2
1752,신기하,VA,2
1753,행식,NNG/NNP,2
1754,초,NNG/NNP,2
1755,그동안,NNG/NNP,2
1756,우,VV,2
1757,포함,NNG/NNP,2
1758,카모마일,NNG/NNP,2
1759,긴장,NNG/NNP,2
1760,잠,NNG/NNP,2
1761,우리,VV,2
1762,마그네슘,NNG/NNP,2
1763,고등어,NNG/NNP,2
1764,으므로,EC,2
1765,내,NNB,2
1766,어혈,NNG/NNP,2
1767,곳,NNG/NNP,2
1768,처방,NNG/NNP,2
1769,요,NNG/NNP,2
1770,구하,VV,2
1771,비타미,NNG/NNP,2
1772,해바라기,NNG/NNP,2
1773,씨앗,NNG/NNP,2
1774,방석,NNG/NNP,2
1775,돌리,VV,2
1776,쑥차,NNG/NNP,2
1777,안심하,VV,2
1778,은은하,VA,2
1779,공부하,VV,2
1780,거의,MAG,2
1781,이것저것,NNG/NNP,2
1782,생강라,NNG/NNP,2
1783,떼,NNG/NNP,2
1784,생강청,NNG/NNP,2
1785,스푼,NNG/NNP,2
1786,관절,NNG/NNP,2
1787,조사,NNG/NNP,2
1788,명절,NNG/NNP,2
1789,설,NNG/NNP,2
1790,타격감,NNG/NNP,2
1791,캔들,NNG/NNP,2
1792,뉴스,NNG/NNP,2
1793,시니어,NNG/NNP,2
1794,잭슨,NNG/NNP,2
1795,이마,NNG/NNP,2
1796,골,NNG/NNP,2
1797,이어지,VV,2
1798,주의,NNG/NNP,2
1799,조언하,VV,2
1800,시달리,VV,2
1801,떨어뜨리,VV,2
1802,다만,EC,2
1803,이마드,NNG/NNP,2
1804,영국,NNG/NNP,2
1805,알두자이리,NNG/NNP,2
1806,팀,NNG/NNP,2
1807,참가자,NNG/NNP,2
1808,쬐,VV,2
1809,늘어나,VV,2
1810,권고,NNG/NNP,2
1811,기름,NNG/NNP,2
1812,덧붙이,VV,2
1813,충족,NNG/NNP,2
1814,음,NNG/NNP,2
1815,식,NNG/NNP,2
1816,카페,NNG/NNP,2
1817,외선,NNG/NNP,2
1818,여,JX,2
1819,외음부,NNG/NNP,2
1820,공급,NNG/NNP,2
1821,재,XPN,2
1822,글씨,NNG/NNP,2
1823,레드비트,NNG/NNP,2
1824,예산,NNG/NNP,2
1825,치유력,NNG/NNP,2
1826,몸속,NNG/NNP,2
1827,넘치,VV,2
1828,권하,VV,2
1829,해,NNG/NNP,2
1830,권고하,VV,2
1831,뒷받침하,VV,2
1832,이중,NNG/NNP,2
1833,맹검,NNG/NNP,2
1834,모집되,VV,2
1835,세군,NNG/NNP,2
1836,와,NNG/NNP,2
1837,칼시페놀,NNG/NNP,2
1838,도달,NNG/NNP,2
1839,증가하,VV,2
1840,용량군,NNG/NNP,2
1841,다량,NNG/NNP,1
1842,커스텀,NNG/NNP,1
1843,취지번,NNG/NNP,1
1844,미,XPN,1
1845,기안서,NNG/NNP,1
1846,사유,NNG/NNP,1
1847,시식,NNG/NNP,1
1848,대략,NNG/NNP,1
1849,추측,NNG/NNP,1
1850,팔리,VV,1
1851,비중,NNG/NNP,1
1852,차지,NNG/NNP,1
1853,당사,NNG/NNP,1
1854,책정하,VV,1
1855,고가,NNG/NNP,1
1856,형성되,VV,1
1857,니즈,NNG/NNP,1
1858,사료,NNG/NNP,1
1859,소리,NNG/NNP,1
1860,피드백,NNG/NNP,1
1861,매출,NNG/NNP,1
1862,퍼센트,NNB,1
1863,예상하,VV,1
1864,방안위,NNG/NNP,1
1865,차로,NNG/NNP,1
1866,았었,EP,1
1867,습관화하,VV,1
1868,일지,NNG/NNP,1
1869,체크하,VV,1
1870,오늘,MAG,1
1871,ㄹ지,EF,1
1872,고프,VA,1
1873,운동중,NNG/NNP,1
1874,화이팅,NNG/NNP,1
1875,그,VA,1
1876,래,EC,1
1877,리고,NNG/NNP,1
1878,현저히,MAG,1
1879,라,NNG/NNP,1
1880,대체로,MAG,1
1881,이점,NNG/NNP,1
1882,한,NNG/NNP,1
1883,집중하,VV,1
1884,최소한,NNG/NNP,1
1885,식재료,NNG/NNP,1
1886,목표하,VV,1
1887,조언,NNG/NNP,1
1888,운동복,NNG/NNP,1
1889,데비,NNG/NNP,1
1890,웨어,NNG/NNP,1
1891,대안,NNG/NNP,1
1892,지원하,VV,1
1893,대체,NNG/NNP,1
1894,스테비아,NNG/NNP,1
1895,대체당,NNG/NNP,1
1896,일찍,MAG,1
1897,물외,NNG/NNP,1
1898,릭요거트,NNG/NNP,1
1899,골고루,MAG,1
1900,책임지,VV,1
1901,블루베리,NNG/NNP,1
1902,완벽하,VA,1
1903,이런저런,MMD,1
1904,화이팅,NNG/NNP,1
1905,새로,MAG,1
1906,출시되,VV,1
1907,맞이하,VV,1
1908,채취하,VV,1
1909,야생벌,NNG/NNP,1
1910,제주꿀스틱,NNG/NNP,1
1911,꿀제주특산품,NNG/NNP,1
1912,수협,NNG/NNP,1
1913,공식,NNG/NNP,1
1914,소농민,NNG/NNP,1
1915,상공인,NNG/NNP,1
1916,계약하,VV,1
1917,특산품,NNG/NNP,1
1918,연령대,NNG/NNP,1
1919,호접란,NNG/NNP,1
1920,피우,VV,1
1921,양산,NNG/NNP,1
1922,선배,NNG/NNP,1
1923,일상,NNG/NNP,1
1924,힐링템,NNG/NNP,1
1925,블랜딩,NNG/NNP,1
1926,에센셜오일,NNG/NNP,1
1927,시즌,NNG/NNP,1
1928,시그니처,NNG/NNP,1
1929,스승,NNG/NNP,1
1930,스승의,NNG/NNP,1
1931,보온,NNG/NNP,1
1932,보냉,NNG/NNP,1
1933,겨울,NNG/NNP,1
1934,라도,JX,1
1935,어요요,EC,1
1936,즘핫한,EC,1
1937,시들,VV,1
1938,특이하,VA,1
1939,샤넬,NNG/NNP,1
1940,총합,NNG/NNP,1
1941,기내,NNG/NNP,1
1942,미,NNG/NNP,1
1943,준하,VV,1
1944,부치,VV,1
1945,수하물,NNG/NNP,1
1946,든,EC,1
1947,요거트기,NNG/NNP,1
1948,내용물,NNG/NNP,1
1949,끓이,VV,1
1950,경과되,VV,1
1951,완성되,VV,1
1952,거트메이커,NNG/NNP,1
1953,만원,NNG/NNP,1
1954,성능,NNG/NNP,1
1955,불가리스,NNG/NNP,1
1956,플레인,NNG/NNP,1
1957,토핑,NNG/NNP,1
1958,상큼하,VA,1
1959,트드레싱,NNG/NNP,1
1960,듬뿍,MAG,1
1961,사흘,NNG/NNP,1
1962,탈,NNG/NNP,1
1963,하이뮨,NNG/NNP,1
1964,산양유,NNG/NNP,1
1965,끼니,NNG/NNP,1
1966,고식이,NNG/NNP,1
1967,음,IC,1
1968,이빨,NNG/NNP,1
1969,성하,VA,1
1970,한과,NNG/NNP,1
1971,호두,NNG/NNP,1
1972,과자,NNG/NNP,1
1973,오,EF,1
1974,나쁘,VA,1
1975,머,NP,1
1976,장난감,NNG/NNP,1
1977,머니,NNG/NNP,1
1978,이모,NNG/NNP,1
1979,어,EF,1
1980,검토,NNG/NNP,1
1981,되찾,VV,1
1982,고지혈,NNG/NNP,1
1983,해결하,VV,1
1984,아내,NNG/NNP,1
1985,평생,NNG/NNP,1
1986,질병,NNG/NNP,1
1987,연락,NNG/NNP,1
1988,그러면,MAJ,1
1989,판단,NNG/NNP,1
1990,처방하,VV,1
1991,판매되,VV,1
1992,표기하,VV,1
1993,기전,NNG/NNP,1
1994,기록되,VV,1
1995,대처,NNG/NNP,1
1996,규칙,NNG/NNP,1
1997,걷기,NNG/NNP,1
1998,수영,NNG/NNP,1
1999,근력,NNG/NNP,1
2000,합병증,NNG/NNP,1
2001,식품도,NNG/NNP,1
2002,같이,JKB,1
2003,데옥시노지리마이신,NNG/NNP,1
2004,의약품,NNG/NNP,1
2005,안전처,NNG/NNP,1
2006,인정,NNG/NNP,1
2007,령,NNG/NNP,1
2008,함유,NNG/NNP,1
2009,동결,NNG/NNP,1
2010,공법,NNG/NNP,1
2011,보존,NNG/NNP,1
2012,시설,NNG/NNP,1
2013,본품,NNG/NNP,1
2014,증정,NNG/NNP,1
2015,소소,NNG/NNP,1
2016,데스크,NNG/NNP,1
2017,산책,NNG/NNP,1
2018,멜라토닌,NNG/NNP,1
2019,항염,NNG/NNP,1
2020,고위,NNG/NNP,1
2021,배달,NNG/NNP,1
2022,습도,NNG/NNP,1
2023,세척,NNG/NNP,1
2024,스텐,NNG/NNP,1
2025,열탕,NNG/NNP,1
2026,소독,NNG/NNP,1
2027,안심도움,NNG/NNP,1
2028,기초,NNG/NNP,1
2029,주로,MAG,1
2030,감미료,NNG/NNP,1
2031,갈리,VV,1
2032,하셧,VV,1
2033,날씨,NNG/NNP,1
2034,종자,NNG/NNP,1
2035,채삼하,VV,1
2036,기력,NNG/NNP,1
2037,요제,NNG/NNP,1
2038,방송,NNG/NNP,1
2039,출연하,VV,1
2040,경력,NNG/NNP,1
2041,심마니,NNG/NNP,1
2042,기르,VV,1
2043,산지,NNG/NNP,1
2044,직송,NNG/NNP,1
2045,발송하,VV,1
2046,신선도,NNG/NNP,1
2047,남다르,VA,1
2048,그,JX,1
2049,외,NNG/NNP,1
2050,스마트스토어,NNG/NNP,1
2051,죵,EC,1
2052,이제,MAG,1
2053,막,MAG,1
2054,업태,NNG/NNP,1
2055,종목,NNG/NNP,1
2056,전자,NNG/NNP,1
2057,상거래,NNG/NNP,1
2058,전환하,VV,1
2059,가입,NNG/NNP,1
2060,아무것,NP,1
2061,상세하,VA,1
2062,요해당,NNG/NNP,1
2063,바끼,VV,1
2064,생략하,VV,1
2065,요,EC,1
2066,롯데온,NNG/NNP,1
2067,댓글,NNG/NNP,1
2068,이팅,NNG/NNP,1
2069,위생상,NNG/NNP,1
2070,외,VA,1
2071,늦,VA,1
2072,밥,NNG/NNP,1
2073,뛰,VV,1
2074,움직이,VV,1
2075,천천히,MAG,1
2076,식사량,NNG/NNP,1
2077,복합,NNG/NNP,1
2078,몸무게,NNG/NNP,1
2079,불포화,NNG/NNP,1
2080,한하,VV,1
2081,포화,NNG/NNP,1
2082,성식,NNG/NNP,1
2083,오트밀선식,NNG/NNP,1
2084,단백두유,NNG/NNP,1
2085,토마토케첩,NNG/NNP,1
2086,회식이,NNG/NNP,1
2087,부가되,VV,1
2088,체지방,NNG/NNP,1
2089,노트북,NNG/NNP,1
2090,태블릿,NNG/NNP,1
2091,스마트폰,NNG/NNP,1
2092,영화,NNG/NNP,1
2093,독서,NNG/NNP,1
2094,업무,NNG/NNP,1
2095,최소,NNG/NNP,1
2096,저강도,NNG/NNP,1
2097,예방용,NNG/NNP,1
2098,안장,NNG/NNP,1
2099,함일,NNG/NNP,1
2100,전신,NNG/NNP,1
2101,무게,NNG/NNP,1
2102,는다,EF,1
2103,운동팔,NNG/NNP,1
2104,굽히,VV,1
2105,흉근,NNG/NNP,1
2106,전거근,NNG/NNP,1
2107,철봉광배근,NNG/NNP,1
2108,대원근,NNG/NNP,1
2109,컬전완근,NNG/NNP,1
2110,컬,NNG/NNP,1
2111,익스텐션,NNG/NNP,1
2112,삼두근,NNG/NNP,1
2113,슈러그,NNG/NNP,1
2114,숄더,NNG/NNP,1
2115,프레스,NNG/NNP,1
2116,리버스,NNG/NNP,1
2117,플라이,NNG/NNP,1
2118,프리,NNG/NNP,1
2119,스쿼트,NNG/NNP,1
2120,대퇴,NNG/NNP,1
2121,사두근,NNG/NNP,1
2122,대둔근,NNG/NNP,1
2123,레이즈,NNG/NNP,1
2124,자미근,NNG/NNP,1
2125,밴드,NNG/NNP,1
2126,컬대퇴,NNG/NNP,1
2127,유산,NNG/NNP,1
2128,소성,NNG/NNP,1
2129,크런치상,NNG/NNP,1
2130,복부,NNG/NNP,1
2131,행잉,NNG/NNP,1
2132,레그레이즈,NNG/NNP,1
2133,하복부,NNG/NNP,1
2134,ㄴ건,EC,1
2135,영양사,NNG/NNP,1
2136,지도사,NNG/NNP,1
2137,상의하,VV,1
2138,제품명,NNG/NNP,1
2139,아쉽,VA,1
2140,이름,NNG/NNP,1
2141,파악하,VV,1
2142,외관,NNG/NNP,1
2143,일,NR,1
2144,회,NNB,1
2145,네츄럴,NNG/NNP,1
2146,계산하,VV,1
2147,언저리,NNG/NNP,1
2148,오전,NNG/NNP,1
2149,오후,NNG/NNP,1
2150,스케쥴,NNG/NNP,1
2151,빼,VV,1
2152,인터벌,NNG/NNP,1
2153,분,NA,1
2154,강하,VA,1
2155,채소,NNG/NNP,1
2156,브로콜리,NNG/NNP,1
2157,오이,NNG/NNP,1
2158,방울,NNG/NNP,1
2159,토마토나요추가,NNG/NNP,1
2160,크레아틴,NNG/NNP,1
2161,돼지고기,NNG/NNP,1
2162,목적,NNG/NNP,1
2163,실외,NNG/NNP,1
2164,달리기,NNG/NNP,1
2165,훨씬,MAG,1
2166,훌륭하,VA,1
2167,베리굿,NNG/NNP,1
2168,염분,NNG/NNP,1
2169,이랑,NNG/NNP,1
2170,불포화산,NNG/NNP,1
2171,아미,NNG/NNP,1
2172,노산,NNG/NNP,1
2173,불필요하,VA,1
2174,하,VA,1
2175,에스티로더,NNG/NNP,1
2176,설화수,NNG/NNP,1
2177,어른,NNG/NNP,1
2178,링,NNG/NNP,1
2179,단지,NNG/NNP,1
2180,고서,EC,1
2181,허니에센스,NNG/NNP,1
2182,연말,NNG/NNP,1
2183,귀걸이,NNG/NNP,1
2184,악세사리,NNG/NNP,1
2185,꽃다발,NNG/NNP,1
2186,여,XSN,1
2187,ㄹ게여,EC,1
2188,나머지,NNG/NNP,1
2189,여,EF,1
2190,토리버치,NNG/NNP,1
2191,키라,NNG/NNP,1
2192,소,NNG/NNP,1
2193,재질,NNG/NNP,1
2194,제작되,VV,1
2195,앞면,NNG/NNP,1
2196,뒷면,NNG/NNP,1
2197,카드포켓,NNG/NNP,1
2198,토리버치,NNG/NNP,1
2199,돋보이,VV,1
2200,조화,NNG/NNP,1
2201,그립감,NNG/NNP,1
2202,포켓,NNG/NNP,1
2203,핸드백,NNG/NNP,1
2204,참,VV,1
2205,전부,MAG,1
2206,적합하,VA,1
2207,차라리,MAG,1
2208,저녁시,NNG/NNP,1
2209,금지,NNG/NNP,1
2210,지,VV,1
2211,햐,EC,1
2212,코스모스,NNG/NNP,1
2213,플랜,NNG/NNP,1
2214,운용하,VV,1
2215,따라다이어트,NNG/NNP,1
2216,적당,XR,1
2217,식간,NNG/NNP,1
2218,곤약,NNG/NNP,1
2219,메뮤들,NNG/NNP,1
2220,힙들,VV,1
2221,야식,NNG/NNP,1
2222,포만감,NNG/NNP,1
2223,반제품,NNG/NNP,1
2224,밀봉기,NNG/NNP,1
2225,포장지,NNG/NNP,1
2226,뜨,VV,1
2227,당하,XSV,1
2228,공장,NNG/NNP,1
2229,키로,NNB,1
2230,번호,NNG/NNP,1
2231,통화하,VV,1
2232,띠릭,NNG/NNP,1
2233,멘토스,NNG/NNP,1
2234,독일,NNG/NNP,1
2235,수입,NNG/NNP,1
2236,완제품,NNG/NNP,1
2237,포도당,NNG/NNP,1
2238,정,NNG/NNP,1
2239,향료,NNG/NNP,1
2240,오트밀미니,NNG/NNP,1
2241,바이트,NNG/NNP,1
2242,말랭이,NNG/NNP,1
2243,맛밤,NNG/NNP,1
2244,한끼견과,NNG/NNP,1
2245,매,MAG,1
2246,일,NNG/NNP,1
2247,바이오요구르트,NNG/NNP,1
2248,임실,NNG/NNP,1
2249,스트링치즈,NNG/NNP,1
2250,외출,NNG/NNP,1
2251,초코릿,NNG/NNP,1
2252,프로,NNG/NNP,1
2253,다이어터,NNG/NNP,1
2254,현,NNG/NNP,1
2255,재,NNG/NNP,1
2256,수정,NNG/NNP,1
2257,신분,NNG/NNP,1
2258,으로서,JKB,1
2259,더,NNG/NNP,1
2260,군다나,NNG/NNP,1
2261,무리하,VV,1
2262,지장,NNG/NNP,1
2263,적당위,NNG/NNP,1
2264,바삭하,VA,1
2265,두부,NNG/NNP,1
2266,가루,NNG/NNP,1
2267,용우유,NNG/NNP,1
2268,두유,NNG/NNP,1
2269,되용,EC,1
2270,그래놀,MAG,1
2271,비비,VV,1
2272,놀,NNG/NNP,1
2273,그런데,MAJ,1
2274,통곡물,NNG/NNP,1
2275,그램그램,NNG/NNP,1
2276,살짝,MAG,1
2277,말,VV,1
2278,단단하,VA,1
2279,쌓,VV,1
2280,하임,NNG/NNP,1
2281,우유병,NNG/NNP,1
2282,유청,NNG/NNP,1
2283,거르,VV,1
2284,릭요,NNG/NNP,1
2285,거트,NNG/NNP,1
2286,도라지청,NNG/NNP,1
2287,모과,NNG/NNP,1
2288,콜센터,NNG/NNP,1
2289,근무,NNG/NNP,1
2290,는군,EF,1
2291,현재,NNG/NNP,1
2292,현명하,VA,1
2293,생강차,NNG/NNP,1
2294,유자,NNG/NNP,1
2295,오미자차,NNG/NNP,1
2296,꿀물미지근하,VA,1
2297,림프선,NNG/NNP,1
2298,마사지하,VV,1
2299,다림프선,NNG/NNP,1
2300,포스팅하,VV,1
2301,미세,NNG/NNP,1
2302,먼지,NNG/NNP,1
2303,황사,NNG/NNP,1
2304,주변지인,NNG/NNP,1
2305,싸구,NNG/NNP,1
2306,피곤,NNG/NNP,1
2307,컨디션,NNG/NNP,1
2308,어쩌고저쩌고하,VV,1
2309,쓸데없이,MAG,1
2310,장황하,VA,1
2311,핵심,NNG/NNP,1
2312,요약하,VV,1
2313,전달하,VV,1
2314,프로필,NNG/NNP,1
2315,수,MMN,1
2316,끝판왕,NNG/NNP,1
2317,블로거,NNG/NNP,1
2318,노마십가,NNG/NNP,1
2319,상충되,VV,1
2320,과하,VA,1
2321,인수,NNG/NNP,1
2322,분해당,NNG/NNP,1
2323,반감되,VV,1
2324,분시간,NNG/NNP,1
2325,활용되,VV,1
2326,소변,NNG/NNP,1
2327,밀크,NNG/NNP,1
2328,씨슬,NNG/NNP,1
2329,과정,NNG/NNP,1
2330,분비되,VV,1
2331,ㄹ뿐더러,EC,1
2332,쓰리,VA,1
2333,매스껍,VV,1
2334,표지,NNG/NNP,1
2335,표기되,VV,1
2336,권장,NNG/NNP,1
2337,아무,MMD,1
2338,나,EF,1
2339,적립,NNG/NNP,1
2340,정기,NNG/NNP,1
2341,내역,NNG/NNP,1
2342,버튼,NNG/NNP,1
2343,넘,VV,1
2344,누리,NNG/NNP,1
2345,꾼,XSN,1
2346,로부터,JKB,1
2347,공감,NNG/NNP,1
2348,상위,NNG/NNP,1
2349,자부하,VV,1
2350,놓치,VV,1
2351,후회하,VV,1
2352,성분표,NNG/NNP,1
2353,자,NNG/NNP,1
2354,액체,NNG/NNP,1
2355,포장기,NNG/NNP,1
2356,수량,NNG/NNP,1
2357,생산,NNG/NNP,1
2358,유통하,VV,1
2359,설비,NNG/NNP,1
2360,채탣,NNG/NNP,1
2361,도라지즙,NNG/NNP,1
2362,목영양제,NNG/NNP,1
2363,내지,MAG,1
2364,라지스틱,NNG/NNP,1
2365,ㄹ꺼,EC,1
2366,스프레이,NNG/NNP,1
2367,옴,NNG/NNP,1
2368,시럽,NNG/NNP,1
2369,자식,NNG/NNP,1
2370,빵집,NNG/NNP,1
2371,카스테라,MAG,1
2372,케익크,MAG,1
2373,완전,MAG,1
2374,돼,VV,1
2375,충전식,NNG/NNP,1
2376,손난로,NNG/NNP,1
2377,청정기,NNG/NNP,1
2378,장갑,NNG/NNP,1
2379,비패밀리,NNG/NNP,1
2380,캐나다산,NNG/NNP,1
2381,벌,NNG/NNP,1
2382,아버지,NNG/NNP,1
2383,침실,NNG/NNP,1
2384,사무,NNG/NNP,1
2385,책상,NNG/NNP,1
2386,두,VV,1
2387,범위,NNG/NNP,1
2388,품목,NNG/NNP,1
2389,성당,NNG/NNP,1
2390,또라이인,NNG/NNP,1
2391,축하하,VV,1
2392,위로,NNG/NNP,1
2393,구약성서,NNG/NNP,1
2394,야훼여호와신,NNG/NNP,1
2395,천지,NNG/NNP,1
2396,냐,EF,1
2397,멍텅구리,NNG/NNP,1
2398,다라고,EC,1
2399,스스로,MAG,1
2400,자백하,VV,1
2401,여호와신,NNG/NNP,1
2402,텅,MAG,1
2403,얼간이,NNG/NNP,1
2404,첫째,NR,1
2405,둘째,NR,1
2406,만듬궁창,NNG/NNP,1
2407,위아래,NNG/NNP,1
2408,구분되,VV,1
2409,천막,NNG/NNP,1
2410,열,VV,1
2411,내리,VV,1
2412,천막욥기,NNG/NNP,1
2413,납작하,VA,1
2414,세쨋날,NNG/NNP,1
2415,풀,NNG/NNP,1
2416,네쨋날,NNG/NNP,1
2417,달별,NNG/NNP,1
2418,다섯째,NR,1
2419,짐승,NNG/NNP,1
2420,별,NNG/NNP,1
2421,그다음,NNG/NNP,1
2422,이것,NP,1
2423,바다,NNG/NNP,1
2424,말함,NNG/NNP,1
2425,사탄교,NNG/NNP,1
2426,ㅁ니다,EC,1
2427,표준말,NNG/NNP,1
2428,야훼여호와,NNG/NNP,1
2429,생물체,NNG/NNP,1
2430,유일신,NNG/NNP,1
2431,십계,NNG/NNP,1
2432,명조,NNG/NNP,1
2433,위반하,VV,1
2434,살생부,NNG/NNP,1
2435,죽이,VV,1
2436,어라,EF,1
2437,부르짖,VV,1
2438,사탄,NNG/NNP,1
2439,진리,NNG/NNP,1
2440,은가,EF,1
2441,십계조위반,NNG/NNP,1
2442,가요,NNG/NNP,1
2443,생물,NNG/NNP,1
2444,살해,NNG/NNP,1
2445,당하,VV,1
2446,님천선,NNG/NNP,1
2447,님산,NNG/NNP,1
2448,신령가,NNG/NNP,1
2449,전래,NNG/NNP,1
2450,소멸되,VV,1
2451,함,NNG/NNP,1
2452,갑,NNG/NNP,1
2453,운데,NNG/NNP,1
2454,부처,NNG/NNP,1
2455,인간,NNG/NNP,1
2456,출생,NNG/NNP,1
2457,사망,NNG/NNP,1
2458,자녀,NNG/NNP,1
2459,실타래,NNG/NNP,1
2460,둠좌측,NNG/NNP,1
2461,나반존,NNG/NNP,1
2462,자독,NNG/NNP,1
2463,홀로,MAG,1
2464,깨치,VV,1
2465,취업,NNG/NNP,1
2466,소원,NNG/NNP,1
2467,나반존자,NNG/NNP,1
2468,별도,NNG/NNP,1
2469,전각,NNG/NNP,1
2470,독성각우,NNG/NNP,1
2471,측,NNB,1
2472,산신산신령,NNG/NNP,1
2473,산왕,NNG/NNP,1
2474,산왕대신,NNG/NNP,1
2475,장사,NNG/NNP,1
2476,오이당근,NNG/NNP,1
2477,미나리,NNG/NNP,1
2478,함선교,NNG/NNP,1
2479,지선,NNG/NNP,1
2480,시선,NNG/NNP,1
2481,삼선,NNG/NNP,1
2482,사상스,NNG/NNP,1
2483,스,NNG/NNP,1
2484,깨우치,VV,1
2485,유불선,NNG/NNP,1
2486,유교,NNG/NNP,1
2487,적멸,NNG/NNP,1
2488,공업,NNG/NNP,1
2489,번뇌,NNG/NNP,1
2490,삼,NNG/NNP,1
2491,라만상,NNG/NNP,1
2492,반야심,NNG/NNP,1
2493,경원문,NNG/NNP,1
2494,해석,NNG/NNP,1
2495,무극태극음양사상태양소음소양태음쾌,NNG/NNP,1
2496,동양,NNG/NNP,1
2497,업,NNG/NNP,1
2498,사주팔자,NNG/NNP,1
2499,풍수지리,NNG/NNP,1
2500,참조천주교,NNG/NNP,1
2501,개신,NNG/NNP,1
2502,교성서,NNG/NNP,1
2503,성경,NNG/NNP,1
2504,책,NNG/NNP,1
2505,자생물,NNG/NNP,1
2506,적응,NNG/NNP,1
2507,적자생존,NNG/NNP,1
2508,변이,NNG/NNP,1
2509,현실,NNG/NNP,1
2510,증거지,NNG/NNP,1
2511,동설,NNG/NNP,1
2512,빅벵론,NNG/NNP,1
2513,틀리,VV,1
2514,창조,NNG/NNP,1
2515,증명,NNG/NNP,1
2516,참조하,VV,1
2517,바로,NNG/NNP,1
2518,가기,NNG/NNP,1
2519,주임,NNG/NNP,1
2520,포개월,NNG/NNP,1
2521,함두,NNG/NNP,1
2522,팩벌집,NNG/NNP,1
2523,미엘드,NNG/NNP,1
2524,지리산한봉영농조합,NNG/NNP,1
2525,고가구,NNG/NNP,1
2526,허,VV,1
2527,아,NNG/NNP,1
2528,연,NNG/NNP,1
2529,연세,NNG/NNP,1
2530,요키즈텐,NNG/NNP,1
2531,주원료,NNG/NNP,1
2532,뉴메드,NNG/NNP,1
2533,케어,NNG/NNP,1
2534,든든하,VA,1
2535,새콤달콤하,VA,1
2536,젤리타입,NNG/NNP,1
2537,휴대,NNG/NNP,1
2538,아무리,MAG,1
2539,키즈텐,EC,1
2540,결정하,VV,1
2541,기회,NNG/NNP,1
2542,참여하,VV,1
2543,ㄴ지라,EC,1
2544,조카,NNG/NNP,1
2545,샷,NNG/NNP,1
2546,허약하,VA,1
2547,기침하,VV,1
2548,저,NNG/NNP,1
2549,다길래,EC,1
2550,배도라지즙,NNG/NNP,1
2551,루테올린,NNG/NNP,1
2552,아스파라긴산,NNG/NNP,1
2553,묽,VA,1
2554,가져오,VV,1
2555,공부,NNG/NNP,1
2556,신중하,VA,1
2557,입장,NNG/NNP,1
2558,색소,NNG/NNP,1
2559,방부,NNG/NNP,1
2560,무조미료,NNG/NNP,1
2561,ㅋㅋ,NNG/NNP,1
2562,코로나,NNG/NNP,1
2563,조심스럽,VA,1
2564,향상,NNG/NNP,1
2565,관련하,VV,1
2566,한,MAG,1
2567,재생,NNG/NNP,1
2568,연골,NNG/NNP,1
2569,식욕,NNG/NNP,1
2570,미각,NNG/NNP,1
2571,육체,NNG/NNP,1
2572,발달,NNG/NNP,1
2573,약화,NNG/NNP,1
2574,독감,NNG/NNP,1
2575,분열,NNG/NNP,1
2576,활성도,NNG/NNP,1
2577,발표되,VV,1
2578,이용되,VV,1
2579,학술,NNG/NNP,1
2580,치아,NNG/NNP,1
2581,축적,NNG/NNP,1
2582,흉선,NNG/NNP,1
2583,생산되,VV,1
2584,신장,NNG/NNP,1
2585,인산염,NNG/NNP,1
2586,재흡수되,VV,1
2587,캐나다의학협회지,NNG/NNP,1
2588,발표,NNG/NNP,1
2589,앓,VV,1
2590,튼튼하,VA,1
2591,장내,NNG/NNP,1
2592,유익균,NNG/NNP,1
2593,강화하,VV,1
2594,알로에베라겔,NNG/NNP,1
2595,입니다이,NNG/NNP,1
2596,증식,NNG/NNP,1
2597,억제,NNG/NNP,1
2598,배변,NNG/NNP,1
2599,원활,NNG/NNP,1
2600,프로바이오틱스만,NNG/NNP,1
2601,프락토올리고당,NNG/NNP,1
2602,먹이,NNG/NNP,1
2603,프리바이오틱스,NNG/NNP,1
2604,부원료,NNG/NNP,1
2605,바이오틱스,NNG/NNP,1
2606,표현,NNG/NNP,1
2607,신바이오틱스,NNG/NNP,1
2608,배양,NNG/NNP,1
2609,건조물,NNG/NNP,1
2610,세대,NNG/NNP,1
2611,포스트바이오틱스,NNG/NNP,1
2612,으나,EC,1
2613,무슨,MMD,1
2614,야,EF,1
2615,효율,NNG/NNP,1
2616,스토리,NNG/NNP,1
2617,키즈,NNG/NNP,1
2618,간단히,MAG,1
2619,완전,NNG/NNP,1
2620,만족,NNG/NNP,1
2621,엘더베리,NNG/NNP,1
2622,키즈튼튼,NNG/NNP,1
2623,돌,NNB,1
2624,한포,NNG/NNP,1
2625,유아,NNG/NNP,1
2626,멀티,NNG/NNP,1
2627,텐텐츄정,NNG/NNP,1
2628,노마츄정,NNG/NNP,1
2629,보다,MAG,1
2630,마켓젯띠,NNG/NNP,1
2631,보온병,NNG/NNP,1
2632,핸드폰,NNG/NNP,1
2633,짜리,XSN,1
2634,전자시계,NNG/NNP,1
2635,학원,NNG/NNP,1
2636,쌤,NNG/NNP,1
2637,저거,NP,1
2638,사드리,NNG/NNP,1
2639,적,NNB,1
2640,만약,MAG,1
2641,그분,NP,1
2642,이랑,JKB,1
2643,친하,VA,1
2644,치킨,NNG/NNP,1
2645,쏘,NNG/NNP,1
2646,왜냐면,MAG,1
2647,크리스마스,NNG/NNP,1
2648,글로리비,NNG/NNP,1
2649,클로버,NNG/NNP,1
2650,블러썸,NNG/NNP,1
2651,개입두,NNG/NNP,1
2652,팩벌집꿀,NNG/NNP,1
2653,가,NNG/NNP,1
2654,하루벌,NNG/NNP,1
2655,꿀타민,NNG/NNP,1
2656,제주도,NNG/NNP,1
2657,야생화,NNG/NNP,1
2658,허,NNG/NNP,1
2659,니바이,NNG/NNP,1
2660,목록,NNG/NNP,1
2661,엘리트,NNG/NNP,1
2662,어쏘티드,NNG/NNP,1
2663,셀렉션,NNG/NNP,1
2664,초콜렛,NNG/NNP,1
2665,화이트,NNG/NNP,1
2666,정원삼,NNG/NNP,1
2667,고려,NNG/NNP,1
2668,홍삼정,NNG/NNP,1
2669,보르딘,NNG/NNP,1
2670,치커피,NNG/NNP,1
2671,앰플,NNG/NNP,1
2672,치커피,NNG/NNP,1
2673,앰플,NNG/NNP,1
2674,하루벌꿀,NNG/NNP,1
2675,후앙,NNG/NNP,1
2676,코주부,NNG/NNP,1
2677,의성,NNG/NNP,1
2678,마늘,NNG/NNP,1
2679,육포,NNG/NNP,1
2680,화과방,NNG/NNP,1
2681,지현,NNG/NNP,1
2682,양갱세트,NNG/NNP,1
2683,흑임자양갱,NNG/NNP,1
2684,흑당팥양갱,NNG/NNP,1
2685,군고구마양갱,NNG/NNP,1
2686,복분자양갱,NNG/NNP,1
2687,쑥양갱,NNG/NNP,1
2688,핸디엄,NNG/NNP,1
2689,원액,NNG/NNP,1
2690,케냐,NNG/NNP,1
2691,오트리,NNG/NNP,1
2692,고메넛츠,NNG/NNP,1
2693,블라썸,NNG/NNP,1
2694,봉봉당,NNG/NNP,1
2695,메이크,NNG/NNP,1
2696,정글,NNG/NNP,1
2697,정화,NNG/NNP,1
2698,기프트,NNG/NNP,1
2699,야자,NNG/NNP,1
2700,색상,NNG/NNP,1
2701,국화,NNG/NNP,1
2702,티스틱,NNG/NNP,1
2703,아티제,NNG/NNP,1
2704,쇼콜라,NNG/NNP,1
2705,프로켄트,NNG/NNP,1
2706,발로,NNG/NNP,1
2707,월넛,NNG/NNP,1
2708,네쥬,NNG/NNP,1
2709,흑화고,NNG/NNP,1
2710,정관장,NNG/NNP,1
2711,백화점,NNG/NNP,1
2712,천녹톤명절,NNG/NNP,1
2713,전,MMD,1
2714,페레로로쉐,NNG/NNP,1
2715,개입,NNG/NNP,1
2716,복담,NNG/NNP,1
2717,찹쌀떡,NNG/NNP,1
2718,마이크,NNG/NNP,1
2719,트러플,NNG/NNP,1
2720,카탈로그,NNG/NNP,1
2721,다복,NNG/NNP,1
2722,활전복,NNG/NNP,1
2723,마리,NNG/NNP,1
2724,특대,NNG/NNP,1
2725,이동삼,NNG/NNP,1
2726,안동간고등어,NNG/NNP,1
2727,명품,NNG/NNP,1
2728,팩원후기,NNG/NNP,1
2729,케이스고,NNG/NNP,1
2730,르,VV,1
2731,습니다만,EC,1
2732,랜덤박스,NNG/NNP,1
2733,대답하,VV,1
2734,위위,NNG/NNP,1
2735,아동,NNG/NNP,1
2736,가득하,VA,1
2737,매너,NNG/NNP,1
2738,품질,NNG/NNP,1
2739,퀄리티,NNG/NNP,1
2740,그,EC,1
2741,리,VV,1
2742,가중,NNG/NNP,1
2743,바디필로우,EC,1
2744,개꿀임요ㅋㅋ,NNG/NNP,1
2745,모가지,NNG/NNP,1
2746,꺾이,VV,1
2747,개편,NNG/NNP,1
2748,함요,NNG/NNP,1
2749,그리거,NNG/NNP,1
2750,풀림다,NNG/NNP,1
2751,사랑,NNG/NNP,1
2752,시절,NNG/NNP,1
2753,지나가,VV,1
2754,부자,NNG/NNP,1
2755,라든가,JC,1
2756,충전,NNG/NNP,1
2757,밀랍,NNG/NNP,1
2758,양초,NNG/NNP,1
2759,분위기,NNG/NNP,1
2760,친,XPN,1
2761,구분,NNG/NNP,1
2762,관심사,NNG/NNP,1
2763,카테고리,NNG/NNP,1
2764,베스트,NNG/NNP,1
2765,키링,NNG/NNP,1
2766,백,NNG/NNP,1
2767,참,NNG/NNP,1
2768,디퓨저,NNG/NNP,1
2769,갓성비,NNG/NNP,1
2770,표하,VV,1
2771,밑,NNG/NNP,1
2772,결혼식,NNG/NNP,1
2773,감,NNG/NNP,1
2774,사,NNG/NNP,1
2775,인사,NNG/NNP,1
2776,문자,NNG/NNP,1
2777,전화,NNG/NNP,1
2778,드물,VA,1
2779,들안,NNG/NNP,1
2780,는대,EF,1
2781,좀잇음,NNG/NNP,1
2782,판촉물회나,NNG/NNP,1
2783,프트,NNG/NNP,1
2784,카톡문,NNG/NNP,1
2785,프트링크,NNG/NNP,1
2786,을게,EF,1
2787,부고답례품,NNG/NNP,1
2788,타올,NNG/NNP,1
2789,란,JX,1
2790,소개,NNG/NNP,1
2791,부탁하,VV,1
2792,블라우스,NNG/NNP,1
2793,아다,EC,1
2794,요족욕,NNG/NNP,1
2795,노폐물,NNG/NNP,1
2796,풀려,NNG/NNP,1
2797,혹시,MAG,1
2798,가요이,NNG/NNP,1
2799,달,VX,1
2800,단,NNG/NNP,1
2801,니깐,EC,1
2802,아마,MAG,1
2803,ㄹ거,EC,1
2804,기부금,NNG/NNP,1
2805,바깥,NNG/NNP,1
2806,맘편히,NNG/NNP,1
2807,손쉽,VA,1
2808,잔,NNG/NNP,1
2809,강도,NNG/NNP,1
2810,파워릴렉스,NNG/NNP,1
2811,오,IC,1
2812,아,NNG/NNP,1
2813,슬리머,NNG/NNP,1
2814,종아리,NNG/NNP,1
2815,브라운,NNG/NNP,1
2816,직수입,NNG/NNP,1
2817,시프이컴,NNG/NNP,1
2818,온열,NNG/NNP,1
2819,뷰티끄랩,NNG/NNP,1
2820,상기,NNG/NNP,1
2821,레지오넬라,NNG/NNP,1
2822,냉각수,NNG/NNP,1
2823,냉방,NNG/NNP,1
2824,기기,NNG/NNP,1
2825,오염되,VV,1
2826,퍼지,VV,1
2827,청소,NNG/NNP,1
2828,곰팡이,NNG/NNP,1
2829,밀폐,NNG/NNP,1
2830,건물,NNG/NNP,1
2831,틀,VV,1
2832,차갑,VA,1
2833,환기,NNG/NNP,1
2834,순환하,VV,1
2835,동일,NNG/NNP,1
2836,주,NNB,1
2837,찬,NNG/NNP,1
2838,거,NNG/NNP,1
2839,차가워지,VV,1
2840,둔화되,VV,1
2841,한방,NNG/NNP,1
2842,이희철진,NNG/NNP,1
2843,아카,NNG/NNP,1
2844,때죽포,NNG/NNP,1
2845,비투,NNG/NNP,1
2846,짜,VV,1
2847,이희철,NNG/NNP,1
2848,진꿀,NNG/NNP,1
2849,아카시아아카시아아카시아네,SN,1
2850,추럴라이즈,NNG/NNP,1
2851,퓨어,NNG/NNP,1
2852,설악산,NNG/NNP,1
2853,밀봉원,NNG/NNP,1
2854,꽃꿀,NNG/NNP,1
2855,탄소비,NNG/NNP,1
2856,순수꽃,NNG/NNP,1
2857,서담,NNG/NNP,1
2858,유튜브,NNG/NNP,1
2859,영상,NNG/NNP,1
2860,법,NNB,1
2861,이만오천,NR,1
2862,잇,VV,1
2863,이미,MAG,1
2864,증명되,VV,1
2865,사이언스,NNG/NNP,1
2866,위키피디아그,VV,1
2867,래서,EC,1
2868,검사하,VV,1
2869,서울,NNG/NNP,1
2870,아산,NNG/NNP,1
2871,가려움,NNG/NNP,1
2872,더욱,MAG,1
2873,유발하,VV,1
2874,흉터,NNG/NNP,1
2875,수건,NNG/NNP,1
2876,얼음찜,NNG/NNP,1
2877,쿨링,NNG/NNP,1
2878,얼음,NNG/NNP,1
2879,비닐,NNG/NNP,1
2880,팩,NNG/NNP,1
2881,환부,NNG/NNP,1
2882,올려놓,VV,1
2883,동상주의,NNG/NNP,1
2884,물수건,NNG/NNP,1
2885,음주,NNG/NNP,1
2886,사우나,NNG/NNP,1
2887,유도하,VV,1
2888,차단제,NNG/NNP,1
2889,외용,NNG/NNP,1
2890,최소화하,VV,1
2891,스테로이드,NNG/NNP,1
2892,초래하,VV,1
2893,느니,EC,1
2894,조심,NNG/NNP,1
2895,실질,NNG/NNP,1
2896,세럼그다음,NNG/NNP,1
2897,세라마이드,NNG/NNP,1
2898,세라미딘,NNG/NNP,1
2899,기수,NNG/NNP,1
2900,분크림,NNG/NNP,1
2901,히알루론,NNG/NNP,1
2902,보습,NNG/NNP,1
2903,상처,NNG/NNP,1
2904,방어막,NNG/NNP,1
2905,붉,VA,1
2906,흰색,NNG/NNP,1
2907,대개,MAG,1
2908,약물,NNG/NNP,1
2909,수일,NNG/NNP,1
2910,호전되,VV,1
2911,조미료,NNG/NNP,1
2912,채식,NNG/NNP,1
2913,동반하,VV,1
2914,병변,NNG/NNP,1
2915,갑자기,MAG,1
2916,재발되,VV,1
2917,주위,NNG/NNP,1
2918,입술,NNG/NNP,1
2919,퉁퉁,MAG,1
2920,부종,NNG/NNP,1
2921,메스껍,VA,1
2922,식중독,NNG/NNP,1
2923,소화기,NNG/NNP,1
2924,목소리,NNG/NNP,1
2925,호흡,NNG/NNP,1
2926,곤란,NNG/NNP,1
2927,디테일,NNG/NNP,1
2928,주되,VV,1
2929,한의원,NNG/NNP,1
2930,방문,NNG/NNP,1
2931,확실하,VA,1
2932,치료법,NNG/NNP,1
2933,지루성,NNG/NNP,1
2934,여드름,NNG/NNP,1
2935,모낭염,NNG/NNP,1
2936,접촉성,NNG/NNP,1
2937,안면,NNG/NNP,1
2938,지루성두피염,NNG/NNP,1
2939,모공,NNG/NNP,1
2940,각화증,NNG/NNP,1
2941,묘기증,NNG/NNP,1
2942,설사,MAG,1
2943,과민성,NNG/NNP,1
2944,대장,NNG/NNP,1
2945,강력,NNG/NNP,1
2946,포함하,VV,1
2947,치료되,VV,1
2948,케어하,VV,1
2949,친화,NNG/NNP,1
2950,제외하,VV,1
2951,돌아오,VV,1
2952,한의학,NNG/NNP,1
2953,나헌식,NNG/NNP,1
2954,원장,NNG/NNP,1
2955,진단되,VV,1
2956,없어지,VV,1
2957,는,NNG/NNP,1
2958,독소,NNG/NNP,1
2959,내,NNG/NNP,1
2960,염려하,VV,1
2961,고정,NNG/NNP,1
2962,관념,NNG/NNP,1
2963,잘못되,VV,1
2964,든지,EC,1
2965,가리,VV,1
2966,독립,NNG/NNP,1
2967,위장병,NNG/NNP,1
2968,듯이,EC,1
2969,피부병,NNG/NNP,1
2970,이란,JX,1
2971,면열,EC,1
2972,내측,NNG/NNP,1
2973,누적되,VV,1
2974,표면,NNG/NNP,1
2975,열꽃,NNG/NNP,1
2976,ㄹ려고,EC,1
2977,따갑,VA,1
2978,만지,VV,1
2979,열감,NNG/NNP,1
2980,개선되,VV,1
2981,자신감,NNG/NNP,1
2982,일부위,NNG/NNP,1
2983,회복되,VV,1
2984,하고,JKB,1
2985,두려워하,VV,1
2986,어리,VA,1
2987,작년,NNG/NNP,1
2988,월,NNB,1
2989,인삼,NNG/NNP,1
2990,하루빨리,MAG,1
2991,꿀벌,NNG/NNP,1
2992,한울벌꿀,NNG/NNP,1
2993,초록색,NNG/NNP,1
2994,소백산벌,NNG/NNP,1
2995,선흥,NNG/NNP,1
2996,사양,NNG/NNP,1
2997,번째,NNG/NNP,1
2998,백산꿀아저씨,NNG/NNP,1
2999,토종,NNG/NNP,1
3000,오리지널,NNG/NNP,1
3001,바이,NNG/NNP,1
3002,생명체,NNG/NNP,1
3003,작동,NNG/NNP,1
3004,끊이,VV,1
3005,나타내,VV,1
3006,에컨대,NNG/NNP,1
3007,외래,NNG/NNP,1
3008,특수하,VA,1
3009,팽창하,VV,1
3010,에너지원,NNG/NNP,1
3011,번식,NNG/NNP,1
3012,흡혈,NNG/NNP,1
3013,응고,NNG/NNP,1
3014,들어오,VV,1
3015,관하,VV,1
3016,각기,MAG,1
3017,봄철,NNG/NNP,1
3018,염색약,NNG/NNP,1
3019,주목하,VV,1
3020,이질,NNG/NNP,1
3021,메커니즘,NNG/NNP,1
3022,존재하,VV,1
3023,돌보,VV,1
3024,흥미,NNG/NNP,1
3025,알레르기성,NNG/NNP,1
3026,염등,NNG/NNP,1
3027,지루,NNG/NNP,1
3028,콜린,NNG/NNP,1
3029,비롯하,VV,1
3030,한랭성,NNG/NNP,1
3031,특이,NNG/NNP,1
3032,띄,VV,1
3033,굉장히,MAG,1
3034,생활환경,NNG/NNP,1
3035,표출하,VV,1
3036,형,NNG/NNP,1
3037,히스타민,NNG/NNP,1
3038,형형,NNG/NNP,1
3039,속하,VV,1
3040,받아들이,VV,1
3041,원활히,MAG,1
3042,아야만,EC,1
3043,돕기,NNG/NNP,1
3044,판매순,NNG/NNP,1
3045,폰케이스,NNG/NNP,1
3046,단순하,VA,1
3047,고급진,NNG/NNP,1
3048,요단색,NNG/NNP,1
3049,모양톡,NNG/NNP,1
3050,살리,VV,1
3051,평범하,VA,1
3052,하프미러,NNG/NNP,1
3053,영롱하,VA,1
3054,겁,NNG/NNP,1
3055,이런거,NNG/NNP,1
3056,대채,NNG/NNP,1
3057,택시,NNG/NNP,1
3058,마리오케이스,NNG/NNP,1
3059,스키니퓨리티,NNG/NNP,1
3060,펌킨,NNG/NNP,1
3061,펌킨티,NNG/NNP,1
3062,늙,VV,1
3063,호박차,NNG/NNP,1
3064,삼각티백,NNG/NNP,1
3065,퍼스트,NNG/NNP,1
3066,헬스케어,NNG/NNP,1
3067,빼먹,VV,1
3068,라돌체비타,NNG/NNP,1
3069,길,NNG/NNP,1
3070,시원,NNG/NNP,1
3071,상쾌하,VA,1
3072,목련,NNG/NNP,1
3073,백리향,NNG/NNP,1
3074,도라지배즙,NNG/NNP,1
3075,농축액,NNG/NNP,1
3076,배도라지청,NNG/NNP,1
3077,키스미,NNG/NNP,1
3078,전액,NNG/NNP,1
3079,답글,NNG/NNP,1
3080,참,IC,1
3081,남사친,NNG/NNP,1
3082,주기로,NNG/NNP,1
3083,오빠,NNG/NNP,1
3084,여사친,NNG/NNP,1
3085,려고하,EC,1
3086,다이소,NNG/NNP,1
3087,정도하,VV,1
3088,가방,NNG/NNP,1
3089,고리,NNG/NNP,1
3090,쪽찌,MAG,1
3091,애,NNG/NNP,1
3092,부끄럽,VA,1
3093,학교,NNG/NNP,1
3094,끝나,VV,1
3095,교실,NNG/NNP,1
3096,려고,EF,1
3097,아라하,VV,1
3098,라,EF,1
3099,판매량,NNG/NNP,1
3100,정도대,NNG/NNP,1
3101,상관없이,MAG,1
3102,소외되,VV,1
3103,극단,NNG/NNP,1
3104,입맛,NNG/NNP,1
3105,금방,MAG,1
3106,폭식,NNG/NNP,1
3107,요요,NNG/NNP,1
3108,마련,NNB,1
3109,타이트,NNG/NNP,1
3110,비추천,NNG/NNP,1
3111,못하,VV,1
3112,맞추,VV,1
3113,사과개,NNG/NNP,1
3114,자유,NNG/NNP,1
3115,양배추,NNG/NNP,1
3116,브로컬리,NNG/NNP,1
3117,시전,NNG/NNP,1
3118,배고프,VA,1
3119,삶,NNG/NNP,1
3120,달걀,NNG/NNP,1
3121,흰자,NNG/NNP,1
3122,사과,NNG/NNP,1
3123,껍질,NNG/NNP,1
3124,손질하,VV,1
3125,통고구마,NNG/NNP,1
3126,노랗,VA,1
3127,속살,NNG/NNP,1
3128,진하,VA,1
3129,열량,NNG/NNP,1
3130,슬라이스,NNG/NNP,1
3131,식감,NNG/NNP,1
3132,초코바,NNG/NNP,1
3133,천,NR,1
3134,기쁠하,VV,1
3135,용,NNG/NNP,1
3136,오아슬리머,NNG/NNP,1
3137,원,IC,1
3138,어,NNG/NNP,1
3139,깨,NNG/NNP,1
3140,종아리다리,NNG/NNP,1
3141,불우하,VA,1
3142,예정,NNG/NNP,1
3143,기,NNG/NNP,1
3144,코,NNG/NNP,1
3145,먼,NNG/NNP,1
3146,지,NNG/NNP,1
3147,오염,NNG/NNP,1
3148,다던지,EC,1
3149,붙,VV,1
3150,넘어가,VV,1
3151,계통,NNG/NNP,1
3152,더러,JKB,1
3153,관계,NNG/NNP,1
3154,찬물,NNG/NNP,1
3155,빙과,NNG/NNP,1
3156,찬바람,NNG/NNP,1
3157,바람,NNG/NNP,1
3158,덥,VA,1
3159,음료,NNG/NNP,1
3160,금연,NNG/NNP,1
3161,상체,NNG/NNP,1
3162,성행하,VV,1
3163,돌배나무,NNG/NNP,1
3164,호두기름,NNG/NNP,1
3165,개복숭아,NNG/NNP,1
3166,곰보,NNG/NNP,1
3167,배추,NNG/NNP,1
3168,작두콩,NNG/NNP,1
3169,보리수,NNG/NNP,1
3170,귤껍데기,NNG/NNP,1
3171,성행,NNG/NNP,1
3172,는다는,ETM,1
3173,옛,NNG/NNP,1
3174,특유,NNG/NNP,1
3175,냄새,NNG/NNP,1
3176,속설,NNG/NNP,1
3177,양면,NNG/NNP,1
3178,가을,NNG/NNP,1
3179,옻,NNG/NNP,1
3180,탄닌,NNG/NNP,1
3181,분해되,VV,1
3182,이롭,VA,1
3183,계발하,VV,1
3184,물론,NNG/NNP,1
3185,정신세계,NNG/NNP,1
3186,관장하,VV,1
3187,대뇌,NNG/NNP,1
3188,갱년기,NNG/NNP,1
3189,공황,NNG/NNP,1
3190,조현병,NNG/NNP,1
3191,간질,NNG/NNP,1
3192,에도,NNG/NNP,1
3193,리만큼,EC,1
3194,안정,NNG/NNP,1
3195,생산하,VV,1
3196,주축,NNG/NNP,1
3197,이어서,MAG,1
3198,은행식초,NNG/NNP,1
3199,기대,NNG/NNP,1
3200,않,NNG/NNP,1
3201,과즙,NNG/NNP,1
3202,초산균,NNG/NNP,1
3203,종초,NNG/NNP,1
3204,발효식초,NNG/NNP,1
3205,하루번,NNG/NNP,1
3206,소주잔,NNG/NNP,1
3207,잘,VA,1
3208,희석하,VV,1
3209,매실청,NNG/NNP,1
3210,첨가하,VV,1
3211,칵테일,NNG/NNP,1
3212,무방,NNG/NNP,1
3213,발효식,NNG/NNP,1
3214,보장되,VV,1
3215,목하,MAG,1
3216,주,MMA,1
3217,년숙성은행식,NNG/NNP,1
3218,수유,NNG/NNP,1
3219,노약자,NNG/NNP,1
3220,초,XPN,1
3221,그러니,MAJ,1
3222,이외,NNG/NNP,1
3223,게등,NNG/NNP,1
3224,거장,NNG/NNP,1
3225,진정,MAG,1
3226,완화하,VV,1
3227,숙면,NNG/NNP,1
3228,위경련,NNG/NNP,1
3229,카페인,NNG/NNP,1
3230,삼가,VV,1
3231,해산물,NNG/NNP,1
3232,오징어,NNG/NNP,1
3233,타우린,NNG/NNP,1
3234,진통,NNG/NNP,1
3235,등,NNG/NNP,1
3236,푸른,NNG/NNP,1
3237,녹색,NNG/NNP,1
3238,현미,NNG/NNP,1
3239,스트레칭,NNG/NNP,1
3240,기체조,NNG/NNP,1
3241,요가,NNG/NNP,1
3242,풀,VV,1
3243,해생리혈,NNG/NNP,1
3244,방지하,VV,1
3245,순후기,NNG/NNP,1
3246,위메프,NNG/NNP,1
3247,랑,JC,1
3248,모으,VV,1
3249,고생하,VV,1
3250,요건,NNG/NNP,1
3251,케롤에프정,NNG/NNP,1
3252,약국,NNG/NNP,1
3253,사그라들,VV,1
3254,타이레놀,NNG/NNP,1
3255,게보린,NNG/NNP,1
3256,순하,VA,1
3257,바래,VV,1
3258,풍부,NNG/NNP,1
3259,유,NNG/NNP,1
3260,파인애플브로멜린,NNG/NNP,1
3261,함유하,VV,1
3262,이완,NNG/NNP,1
3263,파인애플,NNG/NNP,1
3264,산소,NNG/NNP,1
3265,편안하,VA,1
3266,주말,NNG/NNP,1
3267,달달하,VA,1
3268,회사,NNG/NNP,1
3269,꿀통,NNG/NNP,1
3270,전자렌지초,MAG,1
3271,티비,NNG/NNP,1
3272,확실히,MAG,1
3273,대추차,NNG/NNP,1
3274,ㅂ니다아,EF,1
3275,쑥차이,NNG/NNP,1
3276,기호,NNG/NNP,1
3277,냉수,NNG/NNP,1
3278,컵,NNG/NNP,1
3279,려,NNG/NNP,1
3280,도,NNG/NNP,1
3281,온도,NNG/NNP,1
3282,쑥,NNG/NNP,1
3283,달달,MAG,1
3284,하,JKV,1
3285,꼽,VV,1
3286,전자렌지,NNG/NNP,1
3287,앉,VV,1
3288,한결,MAG,1
3289,나아지,VV,1
3290,구역,NNG/NNP,1
3291,위장병약,NNG/NNP,1
3292,당귀차,NNG/NNP,1
3293,작약,NNG/NNP,1
3294,차정,NNG/NNP,1
3295,며칠,NNG/NNP,1
3296,어찌어찌,MAG,1
3297,자궁병,NNG/NNP,1
3298,근종,NNG/NNP,1
3299,낭종,NNG/NNP,1
3300,내막증,NNG/NNP,1
3301,냉하,VA,1
3302,초기,NNG/NNP,1
3303,점점,MAG,1
3304,진찰하,VV,1
3305,진,NNG/NNP,1
3306,짜,NNG/NNP,1
3307,달맞이꽃,NNG/NNP,1
3308,줄,NNB,1
3309,구매평,EC,1
3310,예전,NNG/NNP,1
3311,데굴데굴,MAG,1
3312,구르,VV,1
3313,지금,NNG/NNP,1
3314,ㅎㅎ,JX,1
3315,빈콩,NNG/NNP,1
3316,다하,VV,1
3317,딸,NNG/NNP,1
3318,중학,NNG/NNP,1
3319,조퇴,NNG/NNP,1
3320,솔직하,VA,1
3321,바꾸,VV,1
3322,한약,NNG/NNP,1
3323,순한,NNG/NNP,1
3324,생강청,EC,1
3325,동이,NNG/NNP,1
3326,상당히,MAG,1
3327,수익,NNG/NNP,1
3328,기대하,VV,1
3329,선물군,NNG/NNP,1
3330,농담,NNG/NNP,1
3331,요노,NNG/NNP,1
3332,시력,NNG/NNP,1
3333,흐리,VA,1
3334,디스크,NNG/NNP,1
3335,글루코사민,NNG/NNP,1
3336,부담하,VV,1
3337,나이대,NNG/NNP,1
3338,본인,NNG/NNP,1
3339,상황,NNG/NNP,1
3340,손편지,NNG/NNP,1
3341,찬찬히,MAG,1
3342,제휴,NNG/NNP,1
3343,마케팅,NNG/NNP,1
3344,지급,NNG/NNP,1
3345,롱패딩,NNG/NNP,1
3346,뉴발,NNG/NNP,1
3347,뉴발,NR,1
3348,강추,NNG/NNP,1
3349,닥스,NNG/NNP,1
3350,니트,NNG/NNP,1
3351,세일,NNG/NNP,1
3352,고급,NNG/NNP,1
3353,아버님,NNG/NNP,1
3354,사모,NNG/NNP,1
3355,건,NNG/NNP,1
3356,조과,NNG/NNP,1
3357,실속,NNG/NNP,1
3358,보틀,NNG/NNP,1
3359,큐레이션,NNG/NNP,1
3360,참신하,VA,1
3361,뉴발란스,NNG/NNP,1
3362,삼성전자,NNG/NNP,1
3363,갤럭시,NNG/NNP,1
3364,버즈,NNG/NNP,1
3365,에디션,NNG/NNP,1
3366,할인,NNG/NNP,1
3367,장식,NNG/NNP,1
3368,레고,NNG/NNP,1
3369,해적,NNG/NNP,1
3370,섬,NNG/NNP,1
3371,묵직하,VA,1
3372,폭발,NNG/NNP,1
3373,비용,NNG/NNP,1
3374,정신,NNG/NNP,1
3375,맑아지,VV,1
3376,허브,NNG/NNP,1
3377,양키,NNG/NNP,1
3378,기억하,VV,1
3379,미백,NNG/NNP,1
3380,치약,NNG/NNP,1
3381,고맙,VA,1
3382,추천되,VV,1
3383,영감,NNG/NNP,1
3384,니,NP,1
3385,손목,NNG/NNP,1
3386,채우,VV,1
3387,나이키,NNG/NNP,1
3388,토이플러스,NNG/NNP,1
3389,리조트,NNG/NNP,1
3390,머플러,NNG/NNP,1
3391,캘빈클라인,NNG/NNP,1
3392,한우,NNG/NNP,1
3393,카톡,NNG/NNP,1
3394,조직,NNG/NNP,1
3395,수리,NNG/NNP,1
3396,복구,NNG/NNP,1
3397,대사,NNG/NNP,1
3398,인자,NNG/NNP,1
3399,절대,NNG/NNP,1
3400,유전자,NNG/NNP,1
3401,발현,NNG/NNP,1
3402,항생제,NNG/NNP,1
3403,암세포,NNG/NNP,1
3404,확산되,VV,1
3405,전이되,VV,1
3406,의심,NNG/NNP,1
3407,중앙일보,NNG/NNP,1
3408,뜨겁,VA,1
3409,야외,NNG/NNP,1
3410,심각하,VA,1
3411,당뇨병,NNG/NNP,1
3412,취하,VV,1
3413,프레즈노,NNG/NNP,1
3414,캐서린,NNG/NNP,1
3415,늘,MAG,1
3416,우울,NNG/NNP,1
3417,혈,NNG/NNP,1
3418,젊은이,NNG/NNP,1
3419,확률,NNG/NNP,1
3420,젖,VV,1
3421,특별히,MAG,1
3422,다그,VV,1
3423,육통골절비타민,NNG/NNP,1
3424,에게서,JKB,1
3425,겨울철,NNG/NNP,1
3426,무릎,NNG/NNP,1
3427,뻣뻣하,VA,1
3428,전형,NNG/NNP,1
3429,연화,NNG/NNP,1
3430,다며,EC,1
3431,방치하,VV,1
3432,이,NNB,1
3433,리서치,NNG/NNP,1
3434,질,NNG/NNP,1
3435,향상되,VV,1
3436,감,VV,1
3437,의학,NNG/NNP,1
3438,의심되,VV,1
3439,연합뉴스스코틀랜드,NNG/NNP,1
3440,퀸마거릿대학교,NNG/NNP,1
3441,알두자이리,NNG/NNP,1
3442,박사서울연합뉴스,NNG/NNP,1
3443,최평천,NNG/NNP,1
3444,기자,NNG/NNP,1
3445,일간,NNG/NNP,1
3446,일현지,NNG/NNP,1
3447,스코틀랜드,NNG/NNP,1
3448,퀸마거릿대학교,NNG/NNP,1
3449,인용,NNG/NNP,1
3450,ㄴ다며,EC,1
3451,쬠,NNG/NNP,1
3452,노출하,VV,1
3453,다알,NNG/NNP,1
3454,두자이리,NNG/NNP,1
3455,분석하,VV,1
3456,유발,NNG/NNP,1
3457,류머티즘,NNG/NNP,1
3458,관절염,NNG/NNP,1
3459,경고하,VV,1
3460,현대인,NNG/NNP,1
3461,의도,NNG/NNP,1
3462,빈도,NNG/NNP,1
3463,피부암,NNG/NNP,1
3464,노화,NNG/NNP,1
3465,으려는,ETM,1
3466,천만,NR,1
3467,파악되,VV,1
3468,선크림,NNG/NNP,1
3469,차단하,VV,1
3470,기,XSN,1
3471,연어,NNG/NNP,1
3472,참다랑어,NNG/NNP,1
3473,버섯,NNG/NNP,1
3474,광합성,NNG/NNP,1
3475,널리,MAG,1
3476,러,EC,1
3477,요비타민,NNG/NNP,1
3478,섭취자,NNG/NNP,1
3479,치료자,NNG/NNP,1
3480,치유법,NNG/NNP,1
3481,꿀따봉,NNG/NNP,1
3482,달,NNB,1
3483,피로감,NNG/NNP,1
3484,ㅠㅜ,MAG,1
3485,질냉,NNG/NNP,1
3486,황냉갈냉녹,NNG/NNP,1
3487,냉혈,NNG/NNP,1
3488,냉출,NNG/NNP,1
3489,혈통,NNG/NNP,1
3490,증악취,NNG/NNP,1
3491,가드렐라유레아플라즈마클라미디아트리코모나스원충,NNG/NNP,1
3492,청결,NNG/NNP,1
3493,살균,NNG/NNP,1
3494,응급,NNG/NNP,1
3495,처치,NNG/NNP,1
3496,큰돈,NNG/NNP,1
3497,최신,NNG/NNP,1
3498,유익,NNG/NNP,1
3499,살균제,NNG/NNP,1
3500,스포이드,NR,1
3501,질내,NNG/NNP,1
3502,깊숙히,MAG,1
3503,부비,VV,1
3504,파,VV,1
3505,멸균,NNG/NNP,1
3506,일회일,NNG/NNP,1
3507,내병,NNG/NNP,1
3508,내,NP,1
3509,고치,VV,1
3510,질유산균,NNG/NNP,1
3511,파트너,NNG/NNP,1
3512,컴미션,NNG/NNP,1
3513,제공되,VV,1
3514,더니,EC,1
3515,이서,JKS,1
3516,영양재,NNG/NNP,1
3517,여,JKV,1
3518,아여,EC,1
3519,혈류,NNG/NNP,1
3520,안구,NNG/NNP,1
3521,건조증,NNG/NNP,1
3522,노,NNG/NNP,1
3523,르딕제품,NNG/NNP,1
3524,중금속,NNG/NNP,1
3525,이슈,NNG/NNP,1
3526,레몬,NNG/NNP,1
3527,거부감,NNG/NNP,1
3528,있는,NNG/NNP,1
3529,캘리그라피,NNG/NNP,1
3530,캘리머그,NNG/NNP,1
3531,컵프리저브드,NNG/NNP,1
3532,플라워,NNG/NNP,1
3533,액자,NNG/NNP,1
3534,용돈,NNG/NNP,1
3535,봉투,NNG/NNP,1
3536,등감성,NNG/NNP,1
3537,별과용,NNG/NNP,1
3538,캘리공방,NNG/NNP,1
3539,한번하,VV,1
3540,건강차,NNG/NNP,1
3541,세요,EC,1
3542,슈퍼,NNG/NNP,1
3543,푸드,NNG/NNP,1
3544,서양,NNG/NNP,1
3545,땅속,NNG/NNP,1
3546,붉은,NNG/NNP,1
3547,뿌리,NNG/NNP,1
3548,건강관리,NNG/NNP,1
3549,나,VX,1
3550,영하,NNG/NNP,1
3551,내려가,VV,1
3552,ㄴ대,EF,1
3553,들어서,VV,1
3554,검진,NNG/NNP,1
3555,빨갛,VA,1
3556,둘,NR,1
3557,높이,NNG/NNP,1
3558,한정되,VV,1
3559,장속,NNG/NNP,1
3560,개선하,VV,1
3561,최,XPN,1
3562,끌,VV,1
3563,님,NNG/NNP,1
3564,가급적,NNG/NNP,1
3565,돌아가,VV,1
3566,주무시,VV,1
3567,기상,NNG/NNP,1
3568,담백하,VA,1
3569,미루,VV,1
3570,삼키,VV,1
3571,온,MMN,1
3572,구내염,NNG/NNP,1
3573,프로폴리스꼭,NNG/NNP,1
3574,항산화,NNG/NNP,1
3575,한몫하,VV,1
3576,따끔거리,VV,1
3577,입,NNG/NNP,1
3578,머물,VV,1
3579,구강,NNG/NNP,1
3580,항균,NNG/NNP,1
3581,한꺼번에,MAG,1
3582,물혹,NNG/NNP,1
3583,두통,NNG/NNP,1
3584,어지럽,VA,1
3585,잔병,NNG/NNP,1
3586,치레,XSN,1
3587,깨끗하,VA,1
3588,변하,VV,1
3589,서서히,MAG,1
3590,솔잎기름,NNG/NNP,1
3591,솔잎,NNG/NNP,1
3592,맑,VA,1
3593,막히,VV,1
3594,시린이,NNG/NNP,1
3595,학제,NNG/NNP,1
3596,보조제,NNG/NNP,1
3597,나아가,VV,1
3598,주사제,NNG/NNP,1
3599,진실,NNG/NNP,1
3600,메디컬,NNG/NNP,1
3601,업저버,NNG/NNP,1
3602,미국의사협회업,NNG/NNP,1
3603,보고,NNG/NNP,1
3604,변형,NNG/NNP,1
3605,야회,NNG/NNP,1
3606,버터,NNG/NNP,1
3607,다는데,EC,1
3608,불구하,VV,1
3609,작정,NNG/NNP,1
3610,근거,NNG/NNP,1
3611,미국의사협회,NNG/NNP,1
3612,발간하,VV,1
3613,온라인판,NNG/NNP,1
3614,사설,NNG/NNP,1
3615,고찰,NNG/NNP,1
3616,글쎄에,MAG,1
3617,스위스,NNG/NNP,1
3618,단일,NNG/NNP,1
3619,작위,NNG/NNP,1
3620,방식,NNG/NNP,1
3621,눈여기,VV,1
3622,다여,SN,1
3623,남여,NNG/NNP,1
3624,이내,MAG,1
3625,스크린,NNG/NNP,1
3626,거치,VV,1
3627,매달,MAG,1
3628,다구,EC,1
3629,명차,NNG/NNP,1
3630,종료점,NNG/NNP,1
3631,감퇴,NNG/NNP,1
3632,도구,NNG/NNP,1
3633,단기,NNG/NNP,1
3634,걸음걸이,NNG/NNP,1
3635,속도,NNG/NNP,1
3636,의자,NNG/NNP,1
3637,일어서,VV,1
3638,평형,NNG/NNP,1
3639,감각,NNG/NNP,1
3640,시험,NNG/NNP,1
3641,당시,NNG/NNP,1
3642,대략,MAG,1
3643,관찰되,VV,1
3644,평균,NNG/NNP,1
3645,연령,NNG/NNP,1
3646,비율,NNG/NNP,1
3647,다개월,EC,1
3648,성,NNG/NNP,1
3649,보정하,VV,1
3650,관찰하,VV,1
3651,조건,NNG/NNP,1
3652,병용하,VV,1
3653,고용량군,NNG/NNP,1
3654,월등히,MAG,1
3655,변화하,VV,1
3656,군도,NNG/NNP,1
3657,그치,VV,1
3658,궁극,NNG/NNP,1
3659,입증,NNG/NNP,1
3660,다지,EC,1
3661,연간,NNG/NNP,1
3662,위약,NNG/NNP,1
3663,대조,NNG/NNP,1
3664,복용군,NNG/NNP,1
3665,경도,NNG/NNP,1
3666,앞서,MAG,1
3667,새롭,VA,1
3668,논란,NNG/NNP,1
3669,우연히,MAG,1
3670,배제하,VV,1
3671,골개선,NNG/NNP,1
3672,평가하,VV,1
3673,설문,NNG/NNP,1
3674,한계,NNG/NNP,1
3675,지적되,VV,1
3676,숙제,NNG/NNP,1
3677,건,NNB,1
3678,커지,VV,1
3679,유용성,NNG/NNP,1
3680,입증하,VV,1
3681,유럽,NNG/NNP,1
3682,고령자,NNG/NNP,1
3683,프로그램,NNG/NNP,1
3684,연구다,NNG/NNP,1
3685,따,VV,1
3686,올바르,VA,1
3687,대한,NNG/NNP,1
3688,내분비학회,NNG/NNP,1
3689,고령,NNG/NNP,1
3690,연세의대,NNG/NNP,1
3691,안철우,NNG/NNP,1
3692,다면서,EC,1
3693,골다골증,NNG/NNP,1
3694,결석,NNG/NNP,1
3695,담석,NNG/NNP,1
3696,정확하,VA,1
3697,적정량,NNG/NNP,1
3698,강조하,VV,1
3699,그,NP,1
3700,한두,MMN,1
3701,라면서,EC,1
3702,만큼,JKB,1
3703,간,NNG/NNP,1
3704,광합,NNG/NNP,1
3705,합성하,VV,1
3706,방문하,VV,1
